season,team_id,team_name,player_id,Name,POS,G,GO,R,2B,3B,HR,K,BB,IBB,H,HBP,AVG,AB,OBP,SLG,OPS,CS,SB,SB%,GIDP,numP,PA,TB,RBI,LOB,sacBunts,SF,BABIP,GO/FO,AB/HR,team,1B
2024,520.0,Pericos de Puebla,803165,Luis Medina,X,5,1,2,0,0,0,0,0,0,2,1,0.667,3,0.75,0.667,1.417,0,0,,0,11,4,2,1,0,0,0,0.667,1.0,,PUE,
2024,520.0,Pericos de Puebla,679114,Giancarlo Servin,X,3,2,0,0,0,0,0,0,0,2,0,0.5,4,0.5,0.5,1.0,0,0,,0,8,4,2,0,3,0,0,0.5,2.0,,PUE,
2024,520.0,Pericos de Puebla,634739,Miguel Guzman,1B,87,112,60,15,4,8,32,15,0,114,2,0.336,339,0.364,0.475,0.839,6,5,45.5,9,1119,364,161,38,96,4,4,0.35,1.26,42.38,PUE,
2024,520.0,Pericos de Puebla,680023,Daniel Mercado,C,6,2,1,0,0,0,0,0,0,1,0,0.333,3,0.333,0.333,0.666,0,0,,0,9,3,1,0,2,0,0,0.333,2.0,,PUE,
2024,520.0,Pericos de Puebla,675202,Juan Kirk,C,56,36,14,6,0,1,21,8,0,39,3,0.32,122,0.368,0.393,0.761,1,1,50.0,3,514,141,48,13,44,5,3,0.369,1.06,122.0,PUE,
2024,520.0,Pericos de Puebla,664021,Ciro Norzagaray,2B,43,25,10,7,0,0,14,7,0,23,0,0.311,74,0.37,0.405,0.775,2,1,33.3,1,299,82,30,9,36,1,0,0.383,1.92,,PUE,
2024,520.0,Pericos de Puebla,571685,Anthony García,RF,25,18,16,3,0,6,16,15,1,24,4,0.308,78,0.439,0.577,1.016,1,2,66.7,4,402,99,45,15,38,1,1,0.316,0.82,13.0,PUE,
2024,520.0,Pericos de Puebla,542436,Cristhian Adames,SS,88,105,58,17,3,7,49,53,0,94,2,0.301,312,0.406,0.442,0.848,2,13,86.7,8,1397,368,138,39,104,1,0,0.34,1.62,44.57,PUE,
2024,520.0,Pericos de Puebla,600466,Raudy Read,1B,71,70,35,20,0,17,49,10,0,72,4,0.29,248,0.326,0.577,0.903,0,0,,17,916,264,143,66,130,0,2,0.299,1.19,14.59,PUE,
2024,520.0,Pericos de Puebla,474892,Chris Carter,DH,39,13,30,7,0,9,45,37,1,32,0,0.288,111,0.46,0.595,1.055,0,0,,2,665,150,66,29,45,0,2,0.39,0.57,12.33,PUE,
2024,520.0,Pericos de Puebla,598284,Peter O'Brien,RF,73,45,51,20,2,16,101,28,0,75,8,0.285,263,0.368,0.559,0.927,0,1,100.0,5,1164,302,147,42,123,0,3,0.396,1.0,16.44,PUE,
2024,520.0,Pericos de Puebla,543611,Danny Ortiz,LF,89,50,62,16,0,28,76,51,5,88,1,0.283,311,0.38,0.605,0.985,1,0,0.0,4,1539,368,188,77,131,0,5,0.283,0.49,11.11,PUE,
2024,520.0,Pericos de Puebla,546318,Odúbel Herrera,CF,17,17,12,2,0,3,9,11,0,17,0,0.279,61,0.389,0.459,0.848,0,1,100.0,5,280,72,28,10,24,0,0,0.286,0.94,20.33,PUE,
2024,520.0,Pericos de Puebla,607733,Drew Stankiewicz,3B,72,54,34,15,0,7,60,28,1,62,1,0.267,232,0.346,0.422,0.768,5,1,16.7,3,1130,266,98,32,85,3,2,0.329,0.89,33.14,PUE,
2024,520.0,Pericos de Puebla,608364,Nellie Rodriguez,X,51,19,9,2,0,4,36,10,0,22,3,0.262,84,0.357,0.429,0.786,0,0,,2,391,99,36,16,38,1,1,0.4,2.11,21.0,PUE,
2024,520.0,Pericos de Puebla,701812,Rogelio Cobos,X,29,1,10,0,0,1,3,1,0,1,0,0.25,4,0.4,1.0,1.4,2,1,33.3,0,23,6,4,2,3,1,0,,1.0,4.0,PUE,
2024,520.0,Pericos de Puebla,642751,Carlos Martínez,C,26,22,11,4,0,1,8,8,0,16,1,0.246,65,0.325,0.354,0.679,1,0,0.0,3,284,77,23,11,27,0,3,0.254,1.0,65.0,PUE,
2024,520.0,Pericos de Puebla,634496,Leo German,CF,66,48,23,3,1,2,41,15,0,38,3,0.242,157,0.318,0.312,0.63,2,6,75.0,7,617,179,49,11,83,3,1,0.313,1.41,78.5,PUE,
2024,520.0,Pericos de Puebla,653001,Samar Leyva,2B,50,47,23,6,0,7,13,16,0,30,3,0.227,132,0.325,0.432,0.757,3,5,62.5,5,588,154,57,21,55,3,0,0.205,1.04,18.86,PUE,
2024,520.0,Pericos de Puebla,676761,Irving Lopez,2B,19,18,5,2,0,1,5,1,0,12,0,0.211,57,0.224,0.298,0.522,0,0,,1,204,62,17,4,23,4,0,0.216,0.69,57.0,PUE,
2024,520.0,Pericos de Puebla,527043,Jefry Marte,DH,12,14,9,1,0,3,5,7,0,8,3,0.195,41,0.353,0.439,0.792,0,0,,1,205,51,18,7,17,0,0,0.152,1.0,13.67,PUE,
2024,520.0,Pericos de Puebla,669315,Orlando Pina,X,36,14,8,1,0,1,16,14,0,11,2,0.175,63,0.338,0.238,0.576,1,0,0.0,5,322,80,15,10,24,0,1,0.213,0.61,63.0,PUE,
2024,520.0,Pericos de Puebla,621445,Courtney Hawkins,DH,7,4,3,1,0,0,13,3,1,4,0,0.16,25,0.25,0.2,0.45,0,0,,1,104,28,5,1,13,0,0,0.333,1.0,,PUE,
2024,520.0,Pericos de Puebla,666128,Mario Feliciano,C,30,15,3,2,0,1,20,4,0,10,3,0.159,63,0.243,0.238,0.481,0,1,100.0,1,268,72,15,5,26,2,0,0.214,0.75,63.0,PUE,
2024,520.0,Pericos de Puebla,811373,Gerardo Castaneda,C,4,2,0,0,0,0,0,0,0,0,0,0.0,3,0.0,0.0,0.0,0,0,,1,11,3,0,0,2,0,0,0.0,2.0,,PUE,
2024,520.0,Pericos de Puebla,649957,Gersel Pitre,X,4,2,0,0,0,0,1,0,0,0,0,0.0,6,0.0,0.0,0.0,0,0,,0,20,6,0,0,3,0,0,0.0,0.67,,PUE,
2024,520.0,Pericos de Puebla,572182,Darnell Sweeney,X,5,0,2,0,0,0,2,0,0,0,0,0.0,2,0.0,0.0,0.0,1,1,50.0,0,10,2,0,0,2,0,0,,,,PUE,
2024,523.0,Piratas de Campeche,650331,Lewin Díaz,1B,51,36,29,8,0,12,36,26,2,65,1,0.361,180,0.44,0.606,1.046,0,1,100.0,3,809,209,109,47,68,0,2,0.396,0.8,15.0,CAM,
2024,523.0,Piratas de Campeche,506747,Francisco Peña,C,75,77,37,9,0,4,35,28,2,71,5,0.301,236,0.385,0.39,0.775,0,0,,8,982,273,92,23,87,3,1,0.338,1.35,59.0,CAM,
2024,523.0,Piratas de Campeche,641323,Luis Aviles Jr.,SS,34,28,25,11,1,10,35,7,0,40,0,0.301,133,0.333,0.624,0.957,1,3,75.0,2,556,141,83,26,49,0,1,0.337,0.9,13.3,CAM,
2024,523.0,Piratas de Campeche,702090,Edgar Bravo,LF,43,23,15,8,1,2,27,10,0,33,3,0.295,112,0.365,0.438,0.803,1,2,66.7,3,487,126,49,14,55,0,1,0.369,0.77,56.0,CAM,
2024,523.0,Piratas de Campeche,642456,Luis Barrera,RF,15,22,10,2,1,1,10,6,0,17,0,0.288,59,0.354,0.407,0.761,0,5,100.0,0,256,65,24,3,20,0,0,0.333,2.2,59.0,CAM,
2024,523.0,Piratas de Campeche,546990,Anthony Alford,LF,39,18,28,8,0,8,52,16,0,36,1,0.271,133,0.353,0.511,0.864,0,2,100.0,3,603,150,68,25,58,0,0,0.384,0.67,16.62,CAM,
2024,523.0,Piratas de Campeche,554428,Alejandro Ortiz,DH,74,76,25,11,1,10,58,15,0,65,2,0.269,242,0.312,0.446,0.758,1,1,50.0,6,926,266,108,46,101,3,4,0.309,1.52,24.2,CAM,
2024,523.0,Piratas de Campeche,650701,Ricardo Cespedes,CF,64,56,28,15,0,4,50,8,1,62,2,0.263,236,0.291,0.377,0.668,4,6,60.0,2,848,254,89,20,85,6,1,0.317,0.75,59.0,CAM,
2024,523.0,Piratas de Campeche,514719,Henry Alejandro Rodriguez,DH,35,39,12,5,0,3,18,20,0,31,0,0.261,119,0.367,0.378,0.745,1,2,66.7,7,564,139,45,10,48,0,0,0.286,1.26,39.67,CAM,
2024,523.0,Piratas de Campeche,519068,Efren Navarro,1B,14,11,4,3,0,1,4,4,0,11,0,0.256,43,0.319,0.395,0.714,0,0,,3,187,47,17,3,22,0,0,0.263,0.65,43.0,CAM,
2024,523.0,Piratas de Campeche,499864,Luis Jimenez,3B,21,18,7,3,0,2,16,4,0,19,3,0.253,75,0.317,0.373,0.69,3,2,40.0,3,283,82,28,10,36,0,0,0.298,0.82,37.5,CAM,
2024,523.0,Piratas de Campeche,542655,Edwin Garcia,SS,27,30,16,6,0,1,15,12,0,25,0,0.253,99,0.33,0.343,0.673,0,2,100.0,6,440,113,34,7,41,1,1,0.286,0.97,99.0,CAM,
2024,523.0,Piratas de Campeche,622398,Marco Guzman,2B,3,1,1,0,0,0,3,0,0,2,1,0.25,8,0.333,0.25,0.583,0,0,,0,37,9,2,2,3,0,0,0.4,0.5,,CAM,
2024,523.0,Piratas de Campeche,593471,Isaias Tejeda,1B,31,26,16,3,0,5,23,16,0,25,2,0.25,100,0.361,0.43,0.791,0,0,,1,482,119,43,8,40,0,1,0.274,0.96,20.0,CAM,
2024,523.0,Piratas de Campeche,678540,Brayan Quintero,SS,54,64,28,8,0,3,28,12,0,40,8,0.242,165,0.321,0.345,0.666,4,2,33.3,3,665,192,57,13,54,5,2,0.272,1.6,55.0,CAM,
2024,523.0,Piratas de Campeche,616570,Daniel Sanchez,C,25,15,3,1,0,0,10,1,0,14,0,0.237,59,0.25,0.254,0.504,0,0,,2,202,61,15,4,25,1,0,0.286,0.71,,CAM,
2024,523.0,Piratas de Campeche,664768,Connor Panas,RF,23,14,16,3,1,8,21,3,0,18,1,0.234,77,0.268,0.61,0.878,0,0,,0,327,82,47,19,31,0,1,0.204,0.56,9.62,CAM,
2024,523.0,Piratas de Campeche,594092,Angel Chavarin,X,31,15,3,2,0,1,14,3,0,11,0,0.229,48,0.275,0.333,0.608,0,0,,4,200,51,16,6,29,0,0,0.303,1.88,48.0,CAM,
2024,523.0,Piratas de Campeche,824271,Jonathan Mendoza,2B,50,43,18,3,0,0,36,2,0,26,1,0.222,117,0.24,0.248,0.488,0,1,100.0,5,424,121,29,9,56,0,1,0.317,3.31,,CAM,
2024,523.0,Piratas de Campeche,495664,Ricardo Serrano,3B,56,44,16,5,0,5,47,15,1,35,2,0.203,172,0.272,0.32,0.592,1,0,0.0,1,725,192,55,18,93,1,2,0.246,0.9,34.4,CAM,
2024,523.0,Piratas de Campeche,675970,Alex Robles,LF,4,4,1,0,0,0,1,0,0,2,0,0.2,10,0.2,0.2,0.4,0,0,,1,33,10,2,0,4,0,0,0.222,1.33,,CAM,
2024,523.0,Piratas de Campeche,620442,Wendell Rijo,2B,16,22,8,1,0,1,14,6,0,11,1,0.196,56,0.286,0.268,0.554,1,1,50.0,0,256,64,15,4,17,1,0,0.244,2.2,56.0,CAM,
2024,523.0,Piratas de Campeche,591572,Jose Aguilar,CF,29,31,10,4,0,1,19,9,0,16,2,0.19,84,0.281,0.274,0.555,1,1,50.0,1,395,99,23,8,34,3,1,0.231,1.41,84.0,CAM,
2024,523.0,Piratas de Campeche,520976,Engel Beltre,LF,19,23,3,5,0,0,13,6,1,11,1,0.183,60,0.269,0.267,0.536,4,2,33.3,2,258,68,16,4,25,0,0,0.234,1.77,,CAM,
2024,523.0,Piratas de Campeche,823942,Yordi Martinez,X,25,5,4,2,0,0,15,4,0,5,0,0.167,30,0.265,0.233,0.498,0,1,100.0,0,133,34,7,1,11,0,0,0.333,1.0,,CAM,
2024,523.0,Piratas de Campeche,802394,Carlos Villegas,3B,26,22,6,0,0,0,17,3,0,11,4,0.164,67,0.24,0.164,0.404,2,2,50.0,0,278,75,11,7,26,0,1,0.216,1.22,,CAM,
2024,523.0,Piratas de Campeche,500135,Ronny Rodríguez,2B,15,8,4,2,0,1,15,3,0,7,1,0.152,46,0.22,0.261,0.481,0,0,,1,208,50,12,3,24,0,0,0.2,0.5,46.0,CAM,
2024,523.0,Piratas de Campeche,823941,Isboseth Morales,CF,7,2,1,0,0,0,2,0,0,1,0,0.143,7,0.143,0.143,0.286,0,0,,0,20,7,1,0,1,0,0,0.2,1.0,,CAM,
2024,523.0,Piratas de Campeche,665651,Diego Rincones,LF,5,5,1,0,0,0,2,5,0,1,0,0.077,13,0.333,0.077,0.41,0,0,,1,83,18,1,0,9,0,0,0.091,1.0,,CAM,
2024,523.0,Piratas de Campeche,828459,Eduardo Arredono Jr.,2B,4,1,1,0,0,0,2,0,0,0,0,0.0,7,0.0,0.0,0.0,0,0,,0,17,7,0,0,2,0,0,0.0,0.25,,CAM,
2024,523.0,Piratas de Campeche,828332,Jesus Higuera,DH,4,1,0,0,0,0,3,0,0,0,0,0.0,6,0.0,0.0,0.0,0,0,,0,20,6,0,0,1,0,0,0.0,0.5,,CAM,
2024,528.0,Rieleros de Aguascalientes,541600,Wilfredo Tovar,SS,87,101,72,19,2,7,28,39,0,130,4,0.371,350,0.44,0.497,0.937,5,4,44.4,13,1450,395,174,44,115,2,0,0.39,1.09,50.0,AGS,
2024,528.0,Rieleros de Aguascalientes,547375,Sergio Perez,X,31,14,9,3,0,1,12,4,0,19,1,0.365,52,0.421,0.481,0.902,0,0,,5,213,57,25,6,27,0,0,0.462,2.0,52.0,AGS,
2024,528.0,Rieleros de Aguascalientes,665940,Moisés Castillo,X,7,0,7,1,0,2,6,3,0,8,0,0.364,22,0.44,0.682,1.122,0,1,100.0,0,98,25,15,5,9,0,0,0.429,0.0,11.0,AGS,
2024,528.0,Rieleros de Aguascalientes,674496,Daniel Cornejo,RF,53,33,27,11,2,2,36,10,0,53,1,0.353,150,0.39,0.493,0.883,1,2,66.7,7,607,165,74,29,65,1,3,0.443,1.03,75.0,AGS,
2024,528.0,Rieleros de Aguascalientes,622580,Angel Reyes,CF,88,81,67,22,0,19,63,39,2,113,1,0.346,327,0.412,0.587,0.999,9,13,59.1,10,1457,371,192,70,147,0,4,0.378,1.09,17.21,AGS,
2024,528.0,Rieleros de Aguascalientes,650957,Andretty Cordero,1B,90,100,66,29,0,14,52,29,1,124,2,0.342,363,0.389,0.537,0.926,3,6,66.7,14,1350,402,195,78,145,4,4,0.365,1.05,25.93,AGS,
2024,528.0,Rieleros de Aguascalientes,542513,Tomás Telis,C,48,55,23,8,0,1,26,14,2,53,3,0.338,157,0.398,0.408,0.806,1,0,0.0,10,604,180,64,23,60,4,2,0.394,1.9,157.0,AGS,
2024,528.0,Rieleros de Aguascalientes,653248,Amilcar Gomez,RF,33,2,7,0,0,0,5,2,0,6,1,0.333,18,0.429,0.333,0.762,1,0,0.0,0,72,21,6,0,6,0,0,0.462,0.4,,AGS,
2024,528.0,Rieleros de Aguascalientes,608608,Carlos Munoz,1B,19,7,4,1,0,3,5,5,0,10,1,0.323,31,0.421,0.645,1.066,1,0,0.0,1,136,38,20,11,8,0,1,0.292,0.7,10.33,AGS,
2024,528.0,Rieleros de Aguascalientes,540204,Ramon Rios,2B,79,117,41,11,1,4,16,13,0,96,4,0.321,299,0.356,0.405,0.761,1,8,88.9,22,966,323,121,42,146,6,1,0.329,1.52,74.75,AGS,
2024,528.0,Rieleros de Aguascalientes,553902,Willians Astudillo,3B,40,49,19,8,0,3,2,6,1,46,10,0.319,144,0.385,0.438,0.823,1,0,0.0,3,476,164,63,19,47,3,1,0.307,0.96,48.0,AGS,
2024,528.0,Rieleros de Aguascalientes,571685,Anthony García,RF,21,16,10,4,0,3,16,2,0,24,2,0.312,77,0.341,0.481,0.822,1,0,0.0,4,321,82,37,12,36,0,1,0.356,0.73,25.67,AGS,
2024,528.0,Rieleros de Aguascalientes,553891,Leonardo Reginatto,1B,80,57,46,12,1,11,61,37,0,84,3,0.291,289,0.373,0.453,0.826,3,7,70.0,12,1269,332,131,48,142,0,3,0.332,0.63,26.27,AGS,
2024,528.0,Rieleros de Aguascalientes,660659,Leobaldo Cabrera,LF,81,66,53,14,0,13,69,39,0,78,2,0.29,269,0.38,0.487,0.867,3,11,78.6,15,1243,315,131,41,125,2,3,0.342,1.08,20.69,AGS,
2024,528.0,Rieleros de Aguascalientes,668616,Marco Jaime,SS,63,63,36,8,2,0,29,31,0,53,2,0.283,187,0.387,0.348,0.735,6,3,33.3,5,825,223,65,22,87,1,2,0.331,1.4,,AGS,
2024,528.0,Rieleros de Aguascalientes,650958,Michael De León,SS,13,15,8,4,0,1,12,5,0,14,0,0.275,51,0.339,0.412,0.751,0,0,,0,222,56,21,5,22,0,0,0.342,1.5,51.0,AGS,
2024,528.0,Rieleros de Aguascalientes,641104,Carlos Mendivil,C,9,10,4,2,0,0,6,1,0,7,0,0.269,26,0.296,0.346,0.642,0,0,,0,105,28,9,0,13,1,0,0.35,2.5,,AGS,
2024,528.0,Rieleros de Aguascalientes,630034,David Rodríguez,RF,16,17,4,1,0,0,7,12,0,14,0,0.269,52,0.406,0.288,0.694,0,0,,5,279,64,15,4,23,0,0,0.311,1.21,,AGS,
2024,528.0,Rieleros de Aguascalientes,542328,Hans Wilson,C,4,2,0,0,0,0,2,0,0,2,0,0.25,8,0.25,0.25,0.5,0,0,,0,26,8,2,1,4,0,0,0.333,1.0,,AGS,
2024,528.0,Rieleros de Aguascalientes,675585,Jorge Gonzalez,X,14,6,2,1,1,0,6,2,0,5,0,0.238,21,0.304,0.381,0.685,0,0,,0,81,23,8,6,12,0,0,0.333,1.5,,AGS,
2024,528.0,Rieleros de Aguascalientes,592604,Justin O'Conner,C,47,24,22,3,1,5,40,10,0,29,1,0.215,135,0.267,0.363,0.63,1,0,0.0,4,584,151,49,21,71,1,4,0.255,0.51,27.0,AGS,
2024,528.0,Rieleros de Aguascalientes,815328,Abiel Amador,X,6,2,1,0,0,0,2,0,0,1,0,0.2,5,0.2,0.2,0.4,0,0,,0,18,5,1,1,4,0,0,0.333,2.0,,AGS,
2024,528.0,Rieleros de Aguascalientes,600902,Wilson Garcia,DH,15,14,5,2,0,1,12,2,0,9,0,0.176,51,0.204,0.275,0.479,0,0,,3,203,54,14,5,30,0,1,0.205,0.82,51.0,AGS,
2024,528.0,Rieleros de Aguascalientes,672882,Ismael Alcantara,X,4,1,0,0,0,0,3,0,0,1,0,0.167,6,0.167,0.167,0.334,0,1,100.0,0,20,6,1,0,5,0,0,0.333,1.0,,AGS,
2024,528.0,Rieleros de Aguascalientes,621446,Lewis Brinson,RF,3,0,1,0,0,0,5,3,0,1,0,0.143,7,0.4,0.143,0.543,0,0,,0,39,10,1,0,9,0,0,0.5,0.0,,AGS,
2024,528.0,Rieleros de Aguascalientes,659253,Aldo Flores,3B,4,2,2,0,0,0,1,0,0,0,0,0.0,3,0.0,0.0,0.0,0,0,,0,6,3,0,0,0,0,0,0.0,2.0,,AGS,
2024,528.0,Rieleros de Aguascalientes,616404,Edson Garcia,RF,3,0,0,0,0,0,2,0,0,0,0,0.0,3,0.0,0.0,0.0,0,0,,0,13,3,0,0,3,0,0,0.0,0.0,,AGS,
2024,528.0,Rieleros de Aguascalientes,815761,Axel Santos,X,5,1,1,0,0,0,0,0,0,0,0,0.0,2,0.0,0.0,0.0,0,0,,1,5,2,0,0,2,0,0,0.0,1.0,,AGS,
2024,5010.0,Toros de Tijuana,572868,Anthony Giansanti,CF,5,4,3,3,0,2,4,2,0,7,0,0.368,19,0.429,0.842,1.271,0,2,100.0,0,86,21,16,9,11,0,0,0.385,1.0,9.5,TIJ,
2024,5010.0,Toros de Tijuana,666452,Eduardo Diaz,RF,8,2,3,1,0,1,4,7,1,5,0,0.357,14,0.571,0.643,1.214,0,1,100.0,0,96,21,9,3,6,0,0,0.444,0.67,14.0,TIJ,
2024,5010.0,Toros de Tijuana,828331,Diago Machado,RF,3,1,0,0,0,0,1,0,0,1,0,0.333,3,0.333,0.333,0.666,0,0,,0,12,3,1,0,2,0,0,0.5,1.0,,TIJ,
2024,5010.0,Toros de Tijuana,595943,Phillip Evans,3B,19,14,16,0,0,3,10,9,0,22,2,0.324,68,0.418,0.456,0.874,0,0,,3,305,79,31,11,40,0,0,0.345,0.64,22.67,TIJ,
2024,5010.0,Toros de Tijuana,605612,Harold Castro,2B,84,77,46,20,2,6,57,24,1,106,1,0.32,331,0.366,0.447,0.813,3,3,50.0,6,1410,363,148,30,141,5,2,0.37,0.79,55.17,TIJ,
2024,5010.0,Toros de Tijuana,606477,Aneury Tavárez,LF,45,52,30,12,3,4,36,8,1,60,3,0.311,193,0.348,0.466,0.814,3,9,75.0,1,716,205,90,33,81,1,0,0.366,1.13,48.25,TIJ,
2024,5010.0,Toros de Tijuana,608686,Jack Mayfield,SS,69,60,42,21,0,5,48,24,0,81,3,0.302,268,0.365,0.437,0.802,2,3,60.0,4,1123,298,117,30,100,2,1,0.352,0.73,53.6,TIJ,
2024,5010.0,Toros de Tijuana,664848,Donny Sands,C,37,24,19,3,0,7,34,18,0,35,0,0.292,120,0.384,0.492,0.876,1,1,50.0,3,614,138,59,25,54,0,0,0.354,0.89,17.14,TIJ,
2024,5010.0,Toros de Tijuana,543875,Niko Vasquez,3B,79,71,43,15,1,8,66,48,0,80,1,0.28,286,0.383,0.423,0.806,0,0,,5,1329,338,121,44,136,1,2,0.336,0.99,35.75,TIJ,
2024,5010.0,Toros de Tijuana,571431,Matt Adams,1B,62,43,36,13,0,12,64,13,0,61,1,0.272,224,0.309,0.491,0.8,0,0,,4,892,243,110,53,120,0,5,0.32,0.7,18.67,TIJ,
2024,5010.0,Toros de Tijuana,656252,Bobby Bradley,1B,81,68,52,13,0,13,82,56,4,74,10,0.271,273,0.412,0.462,0.874,3,3,50.0,7,1402,340,126,53,130,0,1,0.341,1.36,21.0,TIJ,
2024,5010.0,Toros de Tijuana,668663,Tres Barrera,C,50,44,16,8,0,6,26,16,0,41,3,0.258,159,0.333,0.421,0.754,0,0,,5,663,181,67,31,63,1,2,0.271,0.86,26.5,TIJ,
2024,5010.0,Toros de Tijuana,516809,Junior Lake,CF,88,91,58,16,1,15,77,45,3,81,3,0.257,315,0.353,0.457,0.81,5,15,75.0,8,1470,366,144,40,150,1,2,0.293,1.32,21.0,TIJ,
2024,5010.0,Toros de Tijuana,666164,Blake Rutherford,RF,24,29,17,3,1,7,15,6,0,19,3,0.257,74,0.337,0.608,0.945,0,0,,2,278,85,45,13,35,2,0,0.231,2.23,10.57,TIJ,
2024,5010.0,Toros de Tijuana,665455,Isaac Rodriguez,2B,69,56,33,7,2,3,33,36,0,51,3,0.255,200,0.377,0.355,0.732,5,14,73.7,3,1002,241,71,23,91,2,0,0.293,0.9,66.67,TIJ,
2024,5010.0,Toros de Tijuana,608384,Nick Williams,RF,38,32,12,6,1,4,40,18,1,32,1,0.25,128,0.338,0.406,0.744,0,0,,2,591,153,52,15,58,2,4,0.318,1.07,32.0,TIJ,
2024,5010.0,Toros de Tijuana,527045,Gabriel Noriega,SS,31,29,9,2,0,2,24,2,0,22,2,0.247,89,0.277,0.337,0.614,1,1,50.0,3,358,95,30,12,53,1,1,0.313,1.81,44.5,TIJ,
2024,5010.0,Toros de Tijuana,684551,Jairus Richards,RF,56,30,32,6,1,1,40,26,0,31,4,0.237,131,0.379,0.321,0.7,2,17,89.5,1,651,161,42,8,58,0,0,0.333,1.0,131.0,TIJ,
2024,5010.0,Toros de Tijuana,573669,Aderlin Rodríguez,DH,46,47,18,10,0,10,43,15,2,35,3,0.216,162,0.29,0.463,0.753,1,3,75.0,6,653,183,75,25,108,0,3,0.223,1.18,16.2,TIJ,
2024,5010.0,Toros de Tijuana,591971,Breyvic Valera,2B,18,10,8,2,0,0,3,5,0,6,0,0.194,31,0.297,0.258,0.555,0,1,100.0,1,150,38,8,2,12,1,1,0.207,0.71,,TIJ,
2024,5010.0,Toros de Tijuana,676941,Saul Garza,C,28,12,12,3,0,3,35,8,1,14,5,0.184,76,0.3,0.342,0.642,0,0,,3,347,90,26,9,45,0,1,0.282,0.75,25.33,TIJ,
2024,5010.0,Toros de Tijuana,824003,Luis Amador,X,4,1,0,0,0,0,2,0,0,0,0,0.0,4,0.0,0.0,0.0,0,0,,1,14,4,0,0,2,0,0,0.0,1.0,,TIJ,
2024,5010.0,Toros de Tijuana,824627,Manny Garcia,3B,2,0,0,0,0,0,1,1,0,0,0,0.0,1,0.5,0.0,0.5,0,0,,0,11,2,0,0,1,0,0,,,,TIJ,
2024,532.0,Diablos Rojos del Mexico,827462,Joseph Uzeta,C,1,0,1,0,0,0,0,0,0,1,0,1.0,1,1.0,1.0,2.0,0,0,,0,2,1,1,0,0,0,0,1.0,,,MEX,
2024,532.0,Diablos Rojos del Mexico,429664,Robinson Canó,2B,78,90,62,26,0,14,41,26,4,141,4,0.431,327,0.475,0.639,1.114,0,0,,10,1235,360,209,77,130,0,3,0.462,1.55,23.36,MEX,
2024,532.0,Diablos Rojos del Mexico,650331,Lewin Díaz,1B,24,16,23,8,0,7,18,14,0,36,0,0.404,89,0.476,0.73,1.206,0,0,,1,444,105,65,30,37,0,2,0.439,0.76,12.71,MEX,
2024,532.0,Diablos Rojos del Mexico,592530,José Marmolejos,1B,70,55,64,17,2,10,45,55,4,95,1,0.364,261,0.47,0.559,1.029,2,3,60.0,6,1312,322,146,48,122,1,4,0.405,0.77,26.1,MEX,
2024,532.0,Diablos Rojos del Mexico,620439,Franklin Barreto,CF,76,70,77,19,4,16,99,45,0,110,4,0.343,321,0.43,0.576,1.006,2,8,80.0,5,1518,372,185,63,117,2,0,0.456,1.59,20.06,MEX,
2024,532.0,Diablos Rojos del Mexico,661148,Carlos Sepulveda,2B,58,54,30,9,1,1,20,25,2,52,3,0.34,153,0.442,0.431,0.873,1,6,85.7,2,765,184,66,31,72,3,0,0.386,1.8,153.0,MEX,
2024,532.0,Diablos Rojos del Mexico,641569,Xavier Fernández,C,7,3,4,1,0,0,3,3,0,6,0,0.333,18,0.409,0.389,0.798,0,0,,1,74,22,7,5,8,0,1,0.375,0.43,,MEX,
2024,532.0,Diablos Rojos del Mexico,517369,José Pirela,RF,23,24,21,5,0,2,14,6,1,25,5,0.333,75,0.414,0.48,0.894,0,3,100.0,1,310,87,36,11,32,0,1,0.383,1.85,37.5,MEX,
2024,532.0,Diablos Rojos del Mexico,677690,Diosbel Arias,3B,47,46,41,14,0,5,39,20,0,57,0,0.328,174,0.397,0.494,0.891,0,1,100.0,5,806,196,86,23,91,2,0,0.4,1.35,34.8,MEX,
2024,532.0,Diablos Rojos del Mexico,585251,Juan Carlos Gamboa,SS,74,61,50,18,1,7,58,40,2,83,4,0.324,256,0.423,0.484,0.907,2,10,83.3,3,1310,304,124,47,118,4,0,0.398,1.05,36.57,MEX,
2024,532.0,Diablos Rojos del Mexico,570717,Ramón Flores,RF,57,42,34,16,1,1,31,28,3,52,1,0.323,161,0.424,0.453,0.877,1,2,66.7,3,816,191,73,13,72,0,1,0.392,1.14,161.0,MEX,
2024,532.0,Diablos Rojos del Mexico,676140,Julian Ornelas,LF,79,77,66,22,0,16,53,30,1,98,2,0.32,306,0.379,0.549,0.928,6,7,53.8,11,1315,343,168,84,154,0,5,0.339,0.93,19.12,MEX,
2024,532.0,Diablos Rojos del Mexico,605011,Moises Gutierrez,3B,55,29,35,14,0,8,53,17,0,48,1,0.31,155,0.377,0.555,0.932,2,1,33.3,4,707,179,86,42,78,4,2,0.417,0.94,19.38,MEX,
2024,532.0,Diablos Rojos del Mexico,606157,Aristides Aquino,RF,59,43,47,16,0,9,60,34,3,65,2,0.295,220,0.39,0.491,0.881,1,5,83.3,7,998,259,108,37,101,0,3,0.364,0.78,24.44,MEX,
2024,532.0,Diablos Rojos del Mexico,664850,Patrick Mazeika,C,13,12,7,5,0,0,7,8,1,12,0,0.25,48,0.357,0.354,0.711,0,1,100.0,0,242,56,17,6,30,0,0,0.293,0.71,,MEX,
2024,532.0,Diablos Rojos del Mexico,602922,José Rondón,3B,57,47,33,8,0,9,44,29,2,51,3,0.236,216,0.333,0.398,0.731,1,0,0.0,12,1044,250,86,35,126,1,1,0.256,0.62,24.0,MEX,
2024,532.0,Diablos Rojos del Mexico,515189,Japhet Amador,DH,39,31,18,6,0,6,39,20,0,36,1,0.234,154,0.318,0.39,0.708,0,0,,10,686,179,60,33,104,0,4,0.265,0.6,25.67,MEX,
2024,532.0,Diablos Rojos del Mexico,468368,Gabriel Gutierrez,C,27,33,10,5,0,1,9,9,0,16,2,0.213,75,0.314,0.32,0.634,0,0,,2,355,90,24,7,38,4,0,0.231,1.57,75.0,MEX,
2024,532.0,Diablos Rojos del Mexico,593993,José Briceño,C,46,48,21,5,0,1,29,9,0,30,2,0.203,148,0.256,0.257,0.513,0,0,,6,606,162,38,12,85,2,1,0.244,1.09,148.0,MEX,
2024,532.0,Diablos Rojos del Mexico,510612,Francisco Cordoba,C,14,8,7,1,0,2,9,4,0,5,2,0.161,31,0.297,0.387,0.684,0,0,,0,165,37,12,5,23,0,0,0.15,0.89,15.5,MEX,
2024,532.0,Diablos Rojos del Mexico,682655,Fernando Villalobos,DH,10,1,3,0,0,1,4,1,0,1,0,0.125,8,0.222,0.5,0.722,0,0,,0,38,9,4,2,7,0,0,0.0,0.5,8.0,MEX,
2024,532.0,Diablos Rojos del Mexico,652999,Jesus Fabela,LF,5,1,1,1,0,0,3,1,0,1,0,0.111,9,0.2,0.222,0.422,0,0,,0,37,10,2,0,4,0,0,0.167,0.25,,MEX,
2024,532.0,Diablos Rojos del Mexico,828461,Leonardo Ortiz,C,1,0,0,0,0,0,1,0,0,0,0,0.0,1,0.0,0.0,0.0,0,0,,0,5,1,0,0,0,0,0,,,,MEX,
2024,532.0,Diablos Rojos del Mexico,825269,Jose Verdugo,X,1,0,0,0,0,0,1,0,0,0,0,0.0,1,0.0,0.0,0.0,0,0,,0,6,1,0,0,0,0,0,,,,MEX,
2024,532.0,Diablos Rojos del Mexico,827712,Edwin Villavicencio,C,1,0,0,0,0,0,0,0,0,0,0,0.0,1,0.0,0.0,0.0,0,0,,0,1,1,0,0,0,0,0,0.0,0.0,,MEX,
2024,536.0,Tecos de los Dos Laredos,606281,Danry Vasquez,RF,87,92,53,27,9,6,57,38,0,112,3,0.339,330,0.41,0.53,0.94,3,7,70.0,15,1364,374,175,57,148,1,2,0.394,1.28,55.0,LAR,
2024,536.0,Tecos de los Dos Laredos,542419,Ali Castillo,2B,92,127,75,21,2,4,26,37,0,119,2,0.321,371,0.382,0.42,0.802,2,5,71.4,9,1415,417,156,41,162,3,4,0.333,1.2,92.75,LAR,
2024,536.0,Tecos de los Dos Laredos,573627,Kennys Vargas,DH,88,66,53,20,0,15,96,51,7,102,6,0.316,323,0.416,0.517,0.933,0,0,,9,1570,382,167,80,160,0,2,0.407,1.08,21.53,LAR,
2024,536.0,Tecos de los Dos Laredos,657598,Cade Gotta,CF,93,102,76,18,2,7,66,57,0,111,6,0.302,367,0.402,0.42,0.822,10,33,76.7,7,1696,433,154,35,133,0,3,0.35,1.12,52.43,LAR,
2024,536.0,Tecos de los Dos Laredos,622168,Yairo Muñoz,3B,56,63,31,10,0,5,35,17,1,61,1,0.302,202,0.353,0.426,0.779,1,5,83.3,8,843,224,86,39,106,0,4,0.337,1.34,40.4,LAR,
2024,536.0,Tecos de los Dos Laredos,628450,Yadiel Hernandez,LF,93,88,57,17,1,14,78,54,1,102,0,0.3,340,0.391,0.479,0.87,0,1,100.0,11,1689,399,163,70,151,0,5,0.348,1.14,24.29,LAR,
2024,536.0,Tecos de los Dos Laredos,602074,Yonathan Daza,RF,27,41,17,3,0,0,14,5,0,30,1,0.291,103,0.324,0.32,0.644,0,1,100.0,6,385,112,33,12,61,1,2,0.33,1.95,,LAR,
2024,536.0,Tecos de los Dos Laredos,520471,Freddy Galvis,SS,69,50,36,21,0,6,63,31,0,65,1,0.269,242,0.345,0.43,0.775,1,1,50.0,4,1196,281,104,43,125,0,7,0.328,0.7,40.33,LAR,
2024,536.0,Tecos de los Dos Laredos,516472,Francisco Arcia,C,77,78,24,14,0,2,48,17,0,64,7,0.261,245,0.327,0.343,0.67,1,1,50.0,8,1004,274,84,28,113,5,0,0.318,1.3,122.5,LAR,
2024,536.0,Tecos de los Dos Laredos,592660,Rangel Ravelo,1B,21,27,16,3,0,5,13,11,0,19,5,0.257,74,0.38,0.5,0.88,0,0,,5,368,92,37,15,36,0,2,0.241,1.59,14.8,LAR,
2024,536.0,Tecos de los Dos Laredos,642686,Jose Martinez,SS,66,79,29,8,3,4,27,22,0,47,3,0.244,193,0.329,0.378,0.707,2,2,50.0,4,852,227,73,22,87,7,1,0.264,1.65,48.25,LAR,
2024,536.0,Tecos de los Dos Laredos,516949,Héctor Sánchez,C,44,24,15,6,0,4,32,9,0,26,1,0.241,108,0.303,0.407,0.71,0,0,,1,474,120,44,14,62,1,1,0.301,0.86,27.0,LAR,
2024,536.0,Tecos de los Dos Laredos,446044,Joshua Rodriguez,3B,8,3,3,1,0,0,12,2,0,6,0,0.231,26,0.286,0.269,0.555,0,0,,1,128,28,7,3,20,0,0,0.429,0.6,,LAR,
2024,536.0,Tecos de los Dos Laredos,596143,Luis Sardinas,3B,9,13,3,1,0,2,5,0,0,8,0,0.229,35,0.229,0.429,0.658,0,0,,1,126,36,15,4,10,1,0,0.214,1.3,17.5,LAR,
2024,536.0,Tecos de los Dos Laredos,605378,Kevin Medrano,X,17,7,2,0,0,1,4,3,0,4,0,0.222,18,0.318,0.389,0.707,0,0,,1,96,22,7,3,9,0,1,0.214,1.75,18.0,LAR,
2024,536.0,Tecos de los Dos Laredos,666922,Ryan Aguilar,1B,63,22,16,3,3,1,31,15,0,20,0,0.211,95,0.315,0.337,0.652,0,2,100.0,1,424,113,32,12,61,2,1,0.297,0.88,95.0,LAR,
2024,536.0,Tecos de los Dos Laredos,518770,Alonzo Harris,X,63,19,17,2,0,1,16,12,0,11,0,0.164,67,0.288,0.239,0.527,3,5,62.5,1,327,81,16,7,30,1,1,0.196,0.83,67.0,LAR,
2024,536.0,Tecos de los Dos Laredos,448855,Junior Guerra,P,20,0,0,0,0,0,0,0,0,0,0,0.0,0,0.0,0.0,0.0,0,0,,0,0,0,0,0,0,0,0,,,,LAR,
2024,536.0,Tecos de los Dos Laredos,643354,Donnie Hart,P,26,0,0,0,0,0,0,0,0,0,0,0.0,0,0.0,0.0,0.0,0,0,,0,0,0,0,0,0,0,0,,,,LAR,
2024,536.0,Tecos de los Dos Laredos,642511,Arnaldo Hernandez,P,37,0,0,0,0,0,0,0,0,0,0,0.0,0,0.0,0.0,0.0,0,0,,0,0,0,0,0,0,0,0,,,,LAR,
2024,536.0,Tecos de los Dos Laredos,824051,Eduardo Luna,C,5,0,0,0,0,0,2,0,0,0,1,0.0,2,0.333,0.0,0.333,0,0,,0,12,3,0,0,1,0,0,,,,LAR,
2024,536.0,Tecos de los Dos Laredos,685736,Cristian Mejia,C,1,1,0,0,0,0,0,0,0,0,0,0.0,1,0.0,0.0,0.0,0,0,,0,2,1,0,0,0,0,0,0.0,1.0,,LAR,
2024,536.0,Tecos de los Dos Laredos,825580,Marcos Valenzuela,X,6,5,0,0,0,0,0,0,0,0,0,0.0,6,0.0,0.0,0.0,0,0,,0,18,6,0,0,0,0,0,0.0,5.0,,LAR,
2024,536.0,Tecos de los Dos Laredos,664944,Cam Vieaux,P,32,0,0,0,0,0,0,0,0,0,0,0.0,0,0.0,0.0,0.0,0,0,,0,0,0,0,0,0,0,0,,,,LAR,
2024,6303.0,Conspiradores de Queretaro,543874,Jose Vargas,1B,1,1,1,1,0,0,2,0,0,2,0,0.4,5,0.4,0.6,1.0,0,0,,0,17,5,3,2,3,0,0,0.667,1.0,,QRO,
2024,6303.0,Conspiradores de Queretaro,666968,Yurisbel Gracial,LF,87,71,95,24,2,24,71,35,1,133,1,0.382,348,0.437,0.67,1.107,0,2,100.0,4,1434,387,233,83,145,0,3,0.426,0.93,14.5,QRO,
2024,6303.0,Conspiradores de Queretaro,664583,Beder Gutierrez,X,12,12,11,6,0,4,7,6,0,13,0,0.371,35,0.463,0.886,1.349,0,0,,1,159,41,31,9,14,0,0,0.375,4.0,8.75,QRO,
2024,6303.0,Conspiradores de Queretaro,661270,Roel Santos,CF,35,34,30,7,3,2,19,22,0,48,2,0.356,135,0.447,0.496,0.943,4,9,69.2,2,620,161,67,22,47,0,2,0.397,0.94,67.5,QRO,
2024,6303.0,Conspiradores de Queretaro,628329,Rusney Castillo,RF,18,17,14,8,1,3,8,1,0,26,0,0.351,74,0.36,0.608,0.968,1,1,50.0,3,224,75,45,19,42,0,0,0.365,0.74,24.67,QRO,
2024,6303.0,Conspiradores de Queretaro,626843,Yosmany Guerra,2B,70,67,42,16,2,4,28,42,2,84,3,0.349,241,0.451,0.481,0.932,1,1,50.0,7,1165,288,116,41,107,1,0,0.383,1.06,60.25,QRO,
2024,6303.0,Conspiradores de Queretaro,593700,Alen Hanson,2B,80,80,71,23,0,16,52,20,1,110,3,0.335,328,0.375,0.552,0.927,5,8,61.5,3,1292,359,181,49,137,4,4,0.356,0.85,20.5,QRO,
2024,6303.0,Conspiradores de Queretaro,642721,Kelvin Gutiérrez,SS,87,115,62,19,0,11,54,37,1,107,7,0.333,321,0.408,0.495,0.903,7,6,46.2,16,1361,370,159,70,146,0,5,0.368,2.3,29.18,QRO,
2024,6303.0,Conspiradores de Queretaro,477399,Jesse Castillo,1B,78,64,40,11,1,8,31,39,4,89,3,0.309,288,0.392,0.438,0.83,0,2,100.0,8,1339,334,126,63,135,0,4,0.32,0.59,36.0,QRO,
2024,6303.0,Conspiradores de Queretaro,547982,Leonys Martin,RF,82,50,94,13,0,29,93,47,1,94,9,0.305,308,0.41,0.63,1.04,0,3,100.0,8,1484,366,194,74,159,0,2,0.346,0.68,10.62,QRO,
2024,6303.0,Conspiradores de Queretaro,660840,Jose Lizarraga,C,21,14,6,6,0,1,7,0,0,15,3,0.283,53,0.316,0.453,0.769,0,0,,1,187,59,24,9,34,2,1,0.304,0.7,53.0,QRO,
2024,6303.0,Conspiradores de Queretaro,547004,Rio Ruiz,3B,77,80,47,19,0,5,56,39,2,78,0,0.273,286,0.356,0.392,0.748,0,4,100.0,8,1288,329,112,42,142,0,4,0.319,1.05,57.2,QRO,
2024,6303.0,Conspiradores de Queretaro,455378,Ali Solis,C,38,24,21,8,0,8,47,10,0,34,1,0.256,133,0.31,0.496,0.806,0,0,,4,639,146,66,25,78,1,1,0.329,0.8,16.62,QRO,
2024,6303.0,Conspiradores de Queretaro,544827,Carlos Paulino,C,43,42,23,6,0,8,39,18,0,33,2,0.254,130,0.351,0.485,0.836,0,0,,5,561,153,63,23,67,2,1,0.298,2.21,16.25,QRO,
2024,6303.0,Conspiradores de Queretaro,473242,Agustin Murillo,3B,16,15,7,5,0,0,13,9,0,13,3,0.25,52,0.385,0.346,0.731,0,4,100.0,1,260,65,18,10,23,0,1,0.325,1.25,,QRO,
2024,6303.0,Conspiradores de Queretaro,447638,Issmael Salas,3B,38,33,16,6,0,0,17,8,0,28,4,0.243,115,0.315,0.296,0.611,0,0,,1,473,127,34,15,47,0,0,0.286,0.89,,QRO,
2024,6303.0,Conspiradores de Queretaro,600975,Rubi Silva,RF,21,19,10,3,0,1,14,7,0,13,0,0.241,54,0.323,0.352,0.675,0,0,,2,219,63,19,10,28,1,1,0.3,1.9,54.0,QRO,
2024,6303.0,Conspiradores de Queretaro,622047,Fernando Perez,DH,47,34,17,3,0,1,31,16,2,28,3,0.228,123,0.326,0.276,0.602,0,0,,2,557,146,34,14,62,2,2,0.29,1.0,123.0,QRO,
2024,6303.0,Conspiradores de Queretaro,656431,Ti'Quan Forbes,3B,41,18,15,1,0,2,23,6,0,13,4,0.206,63,0.311,0.317,0.628,1,1,50.0,2,280,74,20,10,37,0,1,0.282,1.8,31.5,QRO,
2024,6304.0,Charros de Jalisco,605353,Vimael Machín,3B,85,79,64,31,1,7,37,56,3,122,1,0.401,304,0.494,0.579,1.073,9,10,52.6,9,1469,363,176,54,96,1,1,0.441,1.16,43.43,JAL,
2024,6304.0,Charros de Jalisco,595885,Greg Bird,1B,72,67,50,15,0,18,39,31,0,83,8,0.317,262,0.399,0.58,0.979,1,0,0.0,8,1144,306,152,51,148,0,5,0.31,0.86,14.56,JAL,
2024,6304.0,Charros de Jalisco,571685,Anthony García,RF,30,22,20,11,0,6,27,17,0,31,0,0.307,101,0.403,0.594,0.997,0,4,100.0,4,506,119,60,18,58,0,1,0.362,1.0,16.83,JAL,
2024,6304.0,Charros de Jalisco,596105,Dwight Smith Jr.,CF,79,60,54,18,1,11,63,51,3,80,1,0.302,265,0.413,0.502,0.915,6,10,62.5,2,1273,321,133,41,105,1,3,0.356,0.91,24.09,JAL,
2024,6304.0,Charros de Jalisco,542455,Oswaldo Arcia,DH,81,40,44,15,2,13,66,49,2,73,10,0.286,255,0.414,0.514,0.928,2,4,66.7,2,1404,319,131,48,118,0,5,0.331,0.49,19.62,JAL,
2024,6304.0,Charros de Jalisco,571740,Billy Hamilton,CF,52,43,36,10,3,0,48,14,0,54,1,0.283,191,0.335,0.366,0.701,3,35,92.1,3,751,210,70,13,67,4,0,0.378,0.86,,JAL,
2024,6304.0,Charros de Jalisco,596143,Luis Sardinas,SS,62,79,40,18,0,11,35,17,0,67,4,0.282,238,0.333,0.496,0.829,6,8,57.1,7,991,268,118,41,84,4,5,0.284,1.2,21.64,JAL,
2024,6304.0,Charros de Jalisco,690414,Calvin Estrada,LF,49,25,10,1,2,1,15,8,0,23,1,0.274,84,0.34,0.369,0.709,2,8,80.0,2,327,94,31,7,41,0,1,0.319,1.14,84.0,JAL,
2024,6304.0,Charros de Jalisco,572868,Anthony Giansanti,LF,63,45,32,12,3,9,44,32,1,55,3,0.274,201,0.381,0.498,0.879,3,7,70.0,2,937,236,100,39,104,0,0,0.311,0.79,22.33,JAL,
2024,6304.0,Charros de Jalisco,692979,Maikel Serrano,RF,61,61,32,9,1,2,43,11,1,52,6,0.26,200,0.318,0.345,0.663,1,5,83.3,3,727,218,69,15,106,1,0,0.323,1.36,100.0,JAL,
2024,6304.0,Charros de Jalisco,660518,Juan Camacho,C,8,6,5,0,0,3,5,2,0,6,0,0.25,24,0.308,0.625,0.933,0,0,,2,83,26,15,8,18,0,0,0.188,0.86,8.0,JAL,
2024,6304.0,Charros de Jalisco,453575,Jose Guadalupe Chavez,2B,67,56,22,11,0,1,42,21,0,48,2,0.25,192,0.329,0.323,0.652,0,12,100.0,6,821,220,62,17,90,4,1,0.313,1.1,192.0,JAL,
2024,6304.0,Charros de Jalisco,642344,Jhon Nuñez,C,43,38,13,11,1,2,45,7,0,37,3,0.25,148,0.297,0.378,0.675,1,2,66.7,7,598,159,56,24,90,1,0,0.347,1.31,74.0,JAL,
2024,6304.0,Charros de Jalisco,519434,Michael Wing,2B,37,31,19,5,0,7,35,12,0,33,2,0.248,133,0.318,0.444,0.762,4,4,50.0,3,634,148,59,16,67,0,1,0.283,0.89,19.0,JAL,
2024,6304.0,Charros de Jalisco,685771,Alfredo Hurtado,C,43,36,13,5,0,5,29,15,1,30,1,0.244,123,0.329,0.407,0.736,0,4,100.0,2,516,140,50,16,54,0,1,0.278,1.24,24.6,JAL,
2024,6304.0,Charros de Jalisco,613546,Angelo Castellano,SS,32,33,13,7,1,3,13,9,0,27,1,0.243,111,0.303,0.405,0.708,5,6,54.5,2,450,126,45,22,33,4,1,0.25,0.77,37.0,JAL,
2024,6304.0,Charros de Jalisco,703007,Jesus Cordova,X,12,3,1,2,0,1,11,0,0,5,0,0.238,21,0.227,0.476,0.703,0,1,100.0,0,74,22,10,3,8,0,1,0.4,1.0,21.0,JAL,
2024,6304.0,Charros de Jalisco,828390,Carlos Baez,RF,19,11,2,0,0,0,13,1,0,7,1,0.212,33,0.257,0.212,0.469,3,0,0.0,0,120,35,7,4,18,0,0,0.35,5.5,,JAL,
2024,6304.0,Charros de Jalisco,806591,Christopher Gastelum,2B,52,40,12,3,0,2,25,11,0,21,2,0.2,105,0.288,0.286,0.574,4,2,33.3,2,463,119,30,12,59,1,0,0.244,2.0,52.5,JAL,
2024,6304.0,Charros de Jalisco,641924,Jacob Nottingham,C,28,17,11,1,1,4,41,6,0,11,4,0.134,82,0.226,0.317,0.543,1,1,50.0,2,372,93,26,11,42,0,1,0.184,1.21,20.5,JAL,
2024,6304.0,Charros de Jalisco,803125,Jose Orrantia,3B,22,3,1,0,0,0,12,4,0,3,0,0.12,25,0.241,0.12,0.361,0,0,,0,119,29,3,1,12,0,0,0.231,0.43,,JAL,
2024,6304.0,Charros de Jalisco,678411,Gustavo Ruiz,C,5,1,0,0,0,0,2,0,0,0,0,0.0,7,0.0,0.0,0.0,0,0,,0,23,7,0,0,3,0,0,0.0,0.25,,JAL,
2024,6304.0,Charros de Jalisco,828751,Juan Vazquez,X,1,1,0,0,0,0,0,0,0,0,0,0.0,1,0.0,0.0,0.0,0,0,,0,4,1,0,0,0,0,0,0.0,1.0,,JAL,
2024,560.0,Acereros del Norte,800096,Aldo Nunez,2B,9,2,2,0,0,0,4,1,0,5,1,0.357,14,0.438,0.357,0.795,1,2,66.7,0,50,16,5,1,9,0,0,0.5,0.67,,MVA,
2024,560.0,Acereros del Norte,515768,Balbino Fuenmayor,DH,66,51,35,15,0,13,58,10,1,83,4,0.346,240,0.37,0.571,0.941,0,0,,14,880,262,137,54,119,0,8,0.395,0.91,18.46,MVA,
2024,560.0,Acereros del Norte,625506,Aldrem Corredor,1B,88,89,49,22,0,14,54,48,4,113,0,0.343,329,0.425,0.538,0.963,0,1,100.0,5,1508,379,177,69,147,0,2,0.376,1.19,23.5,MVA,
2024,560.0,Acereros del Norte,642423,Magneuris Sierra,CF,61,76,51,10,6,5,48,15,0,81,1,0.321,252,0.361,0.468,0.829,2,15,88.2,0,955,277,118,27,58,8,1,0.38,1.36,50.4,MVA,
2024,560.0,Acereros del Norte,608365,Addison Russell,SS,82,79,49,15,2,7,54,45,0,100,2,0.318,314,0.405,0.446,0.851,1,6,85.7,11,1391,363,140,51,146,0,2,0.365,0.95,44.86,MVA,
2024,560.0,Acereros del Norte,650346,Ramon Hernandez,3B,82,64,62,17,1,22,72,25,5,103,8,0.313,329,0.374,0.571,0.945,1,2,66.7,11,1419,364,188,71,157,0,2,0.342,0.7,14.96,MVA,
2024,560.0,Acereros del Norte,622700,Santiago Chávez,C,37,20,10,6,0,3,28,10,0,27,0,0.303,89,0.366,0.472,0.838,1,0,0.0,2,395,103,42,16,37,2,2,0.4,1.11,29.67,MVA,
2024,560.0,Acereros del Norte,616613,Rodolfo Amador,3B,39,21,11,7,0,0,13,2,0,22,1,0.286,77,0.309,0.377,0.686,1,1,50.0,3,265,82,29,15,30,0,1,0.338,0.91,,MVA,
2024,560.0,Acereros del Norte,596107,Eric Filia,LF,83,123,61,15,1,3,44,51,3,88,4,0.28,314,0.384,0.363,0.747,1,6,85.7,8,1433,378,114,43,120,6,3,0.315,1.81,104.67,MVA,
2024,560.0,Acereros del Norte,622758,Angel Aguilar,2B,40,33,18,9,0,6,34,8,1,38,3,0.277,137,0.325,0.474,0.799,1,2,66.7,1,581,152,65,23,70,1,3,0.32,0.92,22.83,MVA,
2024,560.0,Acereros del Norte,607372,Juan Perez,2B,82,61,51,24,1,6,58,33,1,76,3,0.272,279,0.351,0.43,0.781,6,32,84.2,1,1303,324,120,34,141,5,4,0.32,0.66,46.5,MVA,
2024,560.0,Acereros del Norte,607355,Logan Moore,C,68,52,33,9,1,9,59,28,1,58,3,0.269,216,0.357,0.444,0.801,1,0,0.0,2,1048,251,96,27,105,1,2,0.327,1.04,24.0,MVA,
2024,560.0,Acereros del Norte,680643,Juan Mora,2B,14,6,2,0,0,0,6,0,0,5,2,0.263,19,0.333,0.263,0.596,1,1,50.0,1,72,23,5,2,9,2,0,0.385,1.5,,MVA,
2024,560.0,Acereros del Norte,546318,Odúbel Herrera,RF,37,48,16,10,1,2,28,11,0,35,2,0.255,137,0.32,0.387,0.707,2,7,77.8,5,584,151,53,13,85,1,0,0.308,1.78,68.5,MVA,
2024,560.0,Acereros del Norte,474892,Chris Carter,DH,34,13,19,9,0,8,56,20,1,31,1,0.237,131,0.34,0.489,0.829,0,0,,0,635,153,64,26,72,0,1,0.338,0.41,16.38,MVA,
2024,560.0,Acereros del Norte,600898,Jecksson Flores,RF,72,62,36,9,0,3,28,16,0,38,12,0.216,176,0.324,0.318,0.642,1,9,90.0,2,775,213,56,10,89,9,0,0.241,1.09,58.67,MVA,
2024,560.0,Acereros del Norte,663610,Daniel Amaral,CF,39,32,18,1,0,1,22,11,0,19,2,0.204,93,0.302,0.247,0.549,1,17,94.4,1,397,109,23,7,46,3,0,0.257,1.39,93.0,MVA,
2024,560.0,Acereros del Norte,811607,Omar Bustamante,C,2,0,0,0,0,0,0,0,0,0,0,0.0,1,0.0,0.0,0.0,0,0,,0,1,1,0,0,1,0,0,0.0,0.0,,MVA,
2024,560.0,Acereros del Norte,824007,Braulio Cavero,X,10,1,1,0,0,0,5,1,0,0,0,0.0,9,0.1,0.0,0.1,0,0,,0,42,10,0,0,7,0,0,0.0,0.33,,MVA,
2024,560.0,Acereros del Norte,816260,Bryan Corral,X,16,3,3,0,0,0,1,0,0,0,0,0.0,5,0.0,0.0,0.0,0,0,,0,15,5,0,0,2,0,0,0.0,3.0,,MVA,
2024,560.0,Acereros del Norte,806621,Francisco Perez,C,1,0,0,0,0,0,0,0,0,0,0,0.0,0,0.0,0.0,0.0,0,0,,0,0,0,0,0,0,0,0,,,,MVA,
2024,562.0,Sultanes de Monterrey,696535,Brayan Mendoza,CF,52,12,9,3,1,1,8,4,0,14,0,0.359,39,0.419,0.564,0.983,0,0,,0,166,45,22,6,11,2,0,0.433,1.71,39.0,MTY,
2024,562.0,Sultanes de Monterrey,692473,Christopher Escarrega,C,14,9,10,6,0,0,12,3,0,16,0,0.356,45,0.396,0.489,0.885,0,0,,0,168,48,22,7,17,0,0,0.485,1.13,,MTY,
2024,562.0,Sultanes de Monterrey,501660,Zoilo Almonte,LF,78,77,50,18,0,22,67,24,1,100,2,0.326,307,0.375,0.599,0.974,1,0,0.0,6,1299,336,184,63,131,0,3,0.353,1.17,13.96,MTY,
2024,562.0,Sultanes de Monterrey,628013,Victor Mendoza,DH,72,75,54,19,1,12,54,42,2,83,0,0.31,268,0.398,0.522,0.92,0,1,100.0,7,1323,314,140,51,128,0,4,0.345,1.25,22.33,MTY,
2024,562.0,Sultanes de Monterrey,590271,Sebastián Elizalde,LF,21,23,17,6,0,2,10,11,1,26,0,0.31,84,0.389,0.452,0.841,0,6,100.0,0,349,95,38,9,25,0,0,0.333,0.92,42.0,MTY,
2024,562.0,Sultanes de Monterrey,608577,Nomar Mazara,RF,70,64,38,24,0,9,53,34,3,83,5,0.307,270,0.39,0.496,0.886,0,3,100.0,5,1255,313,134,49,127,0,4,0.349,0.86,30.0,MTY,
2024,562.0,Sultanes de Monterrey,666728,Carlos Soto,C,62,36,13,7,0,4,38,28,2,44,2,0.303,145,0.418,0.434,0.852,1,0,0.0,4,748,177,63,20,59,0,2,0.381,1.24,36.25,MTY,
2024,562.0,Sultanes de Monterrey,455369,Ramiro Pena,2B,74,85,58,24,1,7,37,27,4,84,5,0.302,278,0.373,0.471,0.844,1,4,80.0,6,1167,324,131,45,109,13,1,0.328,0.99,39.71,MTY,
2024,562.0,Sultanes de Monterrey,593495,Daniel Castro,2B,39,40,14,7,0,1,11,9,0,32,0,0.302,106,0.35,0.396,0.746,0,1,100.0,1,489,119,42,20,56,2,2,0.323,1.48,106.0,MTY,
2024,562.0,Sultanes de Monterrey,570799,Christian Villanueva,1B,71,67,39,15,2,8,50,22,0,78,7,0.301,259,0.366,0.467,0.833,4,8,66.7,11,1071,292,121,44,126,0,4,0.341,0.99,32.38,MTY,
2024,562.0,Sultanes de Monterrey,672438,Roberto Valenzuela,3B,81,97,51,13,5,9,38,29,1,89,4,0.301,296,0.371,0.47,0.841,1,6,85.7,13,1281,330,139,40,150,1,0,0.321,1.33,32.89,MTY,
2024,562.0,Sultanes de Monterrey,650339,Jermaine Palacios,SS,68,57,34,17,0,4,65,12,0,73,2,0.3,243,0.337,0.42,0.757,1,3,75.0,10,904,260,102,29,125,2,1,0.394,1.12,60.75,MTY,
2024,562.0,Sultanes de Monterrey,606580,Jose Cardona,CF,83,98,60,20,3,7,41,26,1,97,7,0.297,327,0.361,0.44,0.801,5,13,72.2,3,1247,363,144,39,125,3,0,0.323,1.04,46.71,MTY,
2024,562.0,Sultanes de Monterrey,661313,Asael Sanchez,LF,47,42,23,7,0,5,36,21,0,40,3,0.286,140,0.39,0.443,0.833,0,2,100.0,2,696,167,62,24,68,3,0,0.354,1.68,28.0,MTY,
2024,562.0,Sultanes de Monterrey,664966,Jonathan Morales,C,29,28,14,4,0,4,13,8,0,21,0,0.276,76,0.337,0.487,0.824,1,0,0.0,0,344,90,37,14,44,4,2,0.279,1.4,19.0,MTY,
2024,562.0,Sultanes de Monterrey,665745,Javier Salazar,SS,50,32,18,7,3,3,19,11,0,31,0,0.254,122,0.311,0.434,0.745,3,1,25.0,1,548,138,53,20,57,3,2,0.275,0.71,40.67,MTY,
2024,562.0,Sultanes de Monterrey,660630,Romer Cuadrado,LF,15,11,8,2,0,4,19,5,0,12,0,0.24,50,0.309,0.52,0.829,0,0,,1,237,55,26,10,17,0,0,0.296,1.38,12.5,MTY,
2024,562.0,Sultanes de Monterrey,676021,Luis Santos,X,40,9,11,3,0,0,16,4,0,7,4,0.175,40,0.313,0.25,0.563,0,2,100.0,0,187,48,10,2,20,0,0,0.292,1.13,,MTY,
2024,562.0,Sultanes de Monterrey,596671,Omar Renteria,C,36,14,8,2,0,0,19,8,0,7,0,0.143,49,0.263,0.184,0.447,0,0,,0,226,60,9,2,26,3,0,0.233,1.17,,MTY,
2024,434.0,Bravos de Leon,622698,Sandber Pimentel,DH,7,7,4,2,0,1,4,7,1,10,1,0.455,22,0.6,0.682,1.282,0,1,100.0,0,122,30,15,7,10,0,0,0.529,7.0,22.0,LEO,
2024,434.0,Bravos de Leon,607752,Sam Travis,1B,17,21,15,8,0,0,9,8,1,28,1,0.4,70,0.463,0.514,0.977,0,0,,0,285,80,36,8,33,0,1,0.452,1.62,,LEO,
2024,434.0,Bravos de Leon,625329,Henry Urrutia,1B,37,35,25,9,0,4,21,16,4,55,0,0.39,141,0.447,0.539,0.986,1,0,0.0,5,587,159,76,22,46,0,2,0.432,1.09,35.25,LEO,
2024,434.0,Bravos de Leon,685694,Keven Lamas,2B,42,35,26,5,2,6,28,19,0,45,3,0.336,134,0.427,0.537,0.964,4,1,20.0,3,590,159,72,21,54,2,1,0.386,1.21,22.33,LEO,
2024,434.0,Bravos de Leon,501731,Rainel Rosario,LF,37,37,26,7,0,7,16,24,0,41,4,0.328,125,0.445,0.552,0.997,2,0,0.0,5,622,155,69,28,66,0,2,0.327,1.12,17.86,LEO,
2024,434.0,Bravos de Leon,664739,Alan Garcia,X,40,21,16,8,0,2,20,6,0,32,0,0.327,98,0.358,0.469,0.827,0,3,100.0,0,375,107,46,13,40,1,2,0.385,0.75,49.0,LEO,
2024,434.0,Bravos de Leon,617918,Marco Chicuate,C,66,67,30,13,0,3,46,19,1,71,1,0.32,222,0.376,0.419,0.795,1,0,0.0,4,914,246,93,31,104,4,0,0.393,1.6,74.0,LEO,
2024,434.0,Bravos de Leon,660857,Yorman Rodriguez,C,45,54,23,7,0,5,17,13,0,44,2,0.319,138,0.383,0.478,0.861,0,3,100.0,4,546,157,66,21,59,3,1,0.333,2.0,27.6,LEO,
2024,434.0,Bravos de Leon,677965,Jimmy Kerrigan,CF,89,67,62,27,3,16,98,27,0,106,8,0.295,359,0.354,0.521,0.875,3,15,83.3,4,1436,401,187,61,152,3,4,0.361,0.71,22.44,LEO,
2024,434.0,Bravos de Leon,594021,Alberth Martinez,RF,55,57,29,12,2,5,38,15,1,54,3,0.293,184,0.355,0.462,0.817,0,2,100.0,3,806,203,85,35,79,0,1,0.345,1.58,36.8,LEO,
2024,434.0,Bravos de Leon,500869,Emmanuel Avila,3B,63,74,27,10,0,5,32,14,1,67,3,0.293,229,0.34,0.402,0.742,2,1,33.3,9,870,249,92,27,121,2,1,0.321,1.25,45.8,LEO,
2024,434.0,Bravos de Leon,606477,Aneury Tavárez,LF,45,43,24,13,3,4,46,19,4,52,7,0.286,182,0.373,0.456,0.829,1,3,75.0,5,801,212,83,24,85,3,1,0.361,0.96,45.5,LEO,
2024,434.0,Bravos de Leon,642488,Ademar Rifaela,DH,26,15,10,5,0,2,34,10,0,22,4,0.272,81,0.379,0.407,0.786,0,0,,1,424,95,33,8,37,0,0,0.444,1.5,40.5,LEO,
2024,434.0,Bravos de Leon,674671,Robbie Glendinning,3B,19,13,11,7,0,3,21,9,0,14,0,0.255,55,0.359,0.545,0.904,0,0,,1,248,65,30,12,34,1,0,0.355,1.63,18.33,LEO,
2024,434.0,Bravos de Leon,606143,Alejandro Mejia,1B,47,49,32,8,0,11,62,18,3,46,1,0.253,182,0.319,0.478,0.797,1,2,66.7,7,794,204,87,34,98,0,3,0.313,1.75,16.54,LEO,
2024,434.0,Bravos de Leon,677647,Eddy Diaz,2B,52,58,27,7,4,2,21,8,0,37,1,0.25,148,0.291,0.392,0.683,0,6,100.0,2,508,162,58,18,63,4,1,0.278,1.57,74.0,LEO,
2024,434.0,Bravos de Leon,815334,Jesus Guerrero,C,6,5,1,1,0,0,3,2,0,3,0,0.25,12,0.333,0.333,0.666,1,0,0.0,0,61,15,4,1,4,0,1,0.3,2.5,,LEO,
2024,434.0,Bravos de Leon,692978,Jose Camacho,RF,32,17,13,3,1,2,26,10,0,19,0,0.244,78,0.33,0.385,0.715,0,2,100.0,2,354,88,30,10,41,0,0,0.34,1.06,39.0,LEO,
2024,434.0,Bravos de Leon,650958,Michael De León,2B,24,28,9,4,0,0,21,9,0,21,1,0.239,88,0.31,0.284,0.594,1,1,50.0,1,386,102,25,3,29,2,2,0.304,1.27,,LEO,
2024,434.0,Bravos de Leon,622738,Tito Polo,LF,12,9,5,4,0,0,14,4,0,10,1,0.233,43,0.306,0.326,0.632,1,2,66.7,1,194,49,14,3,17,0,1,0.333,0.82,,LEO,
2024,434.0,Bravos de Leon,653414,Luis Medina,X,35,9,6,3,0,0,20,0,0,12,1,0.226,53,0.241,0.283,0.524,2,2,50.0,1,189,55,15,5,31,1,0,0.364,0.69,,LEO,
2024,434.0,Bravos de Leon,570639,Yefri Pérez,2B,21,29,12,1,0,0,10,3,0,16,0,0.219,73,0.247,0.233,0.48,0,4,100.0,4,252,78,17,5,34,1,1,0.25,1.45,,LEO,
2024,434.0,Bravos de Leon,692798,Italo Motta,SS,71,53,23,8,1,3,56,18,0,38,3,0.205,185,0.285,0.308,0.593,4,9,69.2,2,796,212,57,25,98,5,1,0.276,1.2,61.67,LEO,
2024,434.0,Bravos de Leon,527043,Jefry Marte,DH,11,10,5,1,0,3,11,9,0,8,0,0.205,39,0.354,0.462,0.816,0,0,,1,220,48,18,7,22,0,0,0.2,1.0,13.0,LEO,
2024,434.0,Bravos de Leon,606216,Yonathan Mendoza,2B,4,5,3,0,0,0,1,3,0,2,0,0.2,10,0.357,0.2,0.557,0,1,100.0,0,47,14,2,1,1,0,1,0.2,1.67,,LEO,
2024,434.0,Bravos de Leon,650520,Micker Adolfo,RF,30,23,16,4,0,5,32,11,0,18,4,0.198,91,0.311,0.407,0.718,1,0,0.0,2,445,106,37,16,53,0,0,0.241,1.28,18.2,LEO,
2024,434.0,Bravos de Leon,677593,Luis García,SS,11,11,2,0,0,0,8,2,0,4,0,0.129,31,0.182,0.129,0.311,1,0,0.0,0,138,34,4,2,26,1,0,0.174,1.22,,LEO,
2024,434.0,Bravos de Leon,674706,Alan Lopez,X,16,6,4,0,0,0,7,2,0,1,0,0.067,15,0.176,0.067,0.243,1,0,0.0,0,63,17,1,0,10,0,0,0.125,6.0,,LEO,
2024,434.0,Bravos de Leon,685771,Alfredo Hurtado,C,4,0,0,0,0,0,3,0,0,0,0,0.0,3,0.0,0.0,0.0,0,0,,0,14,3,0,0,5,0,0,,,,LEO,
2024,434.0,Bravos de Leon,823976,Ivan Morales,C,7,0,1,0,0,0,3,1,0,0,0,0.0,7,0.125,0.0,0.125,0,0,,0,34,8,0,0,4,0,0,0.0,0.0,,LEO,
2024,569.0,Tigres de Quintana Roo,630034,David Rodríguez,DH,57,54,28,14,0,9,63,23,1,59,3,0.303,195,0.383,0.513,0.896,1,2,66.7,5,960,223,100,38,68,1,1,0.403,2.57,21.67,TIG,
2024,569.0,Tigres de Quintana Roo,622603,Carlos Castro,C,42,40,29,6,1,13,42,8,2,49,2,0.301,163,0.341,0.589,0.93,0,1,100.0,5,666,173,96,32,73,0,0,0.333,1.25,12.54,TIG,
2024,569.0,Tigres de Quintana Roo,802562,Cesar Cuevas,SS,3,2,0,1,0,0,2,0,0,2,0,0.286,7,0.286,0.429,0.715,0,0,,0,22,7,3,0,4,0,0,0.4,2.0,,TIG,
2024,569.0,Tigres de Quintana Roo,655212,Manuel Orduno,RF,9,4,1,1,0,0,2,1,0,3,0,0.273,11,0.333,0.364,0.697,0,0,,2,44,12,4,0,7,0,0,0.333,2.0,,TIG,
2024,569.0,Tigres de Quintana Roo,444876,Alcides Escobar,2B,77,81,22,12,2,5,35,16,1,73,5,0.271,269,0.32,0.387,0.707,3,4,57.1,3,1086,298,104,32,111,4,4,0.292,0.92,53.8,TIG,
2024,569.0,Tigres de Quintana Roo,622736,Roberto Caro,LF,34,27,16,5,0,2,36,14,0,32,0,0.267,120,0.341,0.358,0.699,2,9,81.8,2,551,139,43,10,47,4,1,0.361,0.9,60.0,TIG,
2024,569.0,Tigres de Quintana Roo,616404,Edson Garcia,3B,67,62,26,7,2,7,32,15,1,59,2,0.265,223,0.313,0.408,0.721,2,6,75.0,5,970,245,91,27,93,2,3,0.278,0.83,31.86,TIG,
2024,569.0,Tigres de Quintana Roo,652669,Angel Erro,3B,55,52,17,8,0,3,28,15,1,48,3,0.259,185,0.325,0.351,0.676,1,2,66.7,2,757,205,65,18,98,2,0,0.292,0.88,61.67,TIG,
2024,569.0,Tigres de Quintana Roo,826637,Takeru Ohashi,CF,39,41,18,6,1,1,41,18,0,32,2,0.25,128,0.351,0.336,0.687,0,9,100.0,1,604,151,43,5,50,3,0,0.36,2.41,128.0,TIG,
2024,569.0,Tigres de Quintana Roo,660354,Brian Sanchez,RF,12,10,4,0,0,1,10,5,0,9,2,0.243,37,0.364,0.324,0.688,1,0,0.0,3,165,44,12,6,22,0,0,0.308,1.25,37.0,TIG,
2024,569.0,Tigres de Quintana Roo,802572,Antonio Monroy,X,50,38,9,3,0,0,20,6,0,26,3,0.243,107,0.302,0.271,0.573,0,3,100.0,3,404,117,29,7,52,1,0,0.299,1.58,,TIG,
2024,569.0,Tigres de Quintana Roo,642456,Luis Barrera,CF,30,42,10,3,3,0,18,11,1,24,0,0.24,100,0.313,0.33,0.643,1,8,88.9,2,450,117,33,8,36,5,1,0.289,1.91,,TIG,
2024,569.0,Tigres de Quintana Roo,621034,Melvin Mercedes,RF,32,33,16,6,1,0,19,9,0,29,3,0.24,121,0.308,0.306,0.614,2,6,75.0,4,525,134,37,5,45,1,0,0.284,0.8,,TIG,
2024,569.0,Tigres de Quintana Roo,622356,Bryant Flete,3B,20,23,8,2,0,1,20,8,0,16,0,0.235,68,0.316,0.309,0.625,0,4,100.0,3,319,77,21,5,30,1,0,0.319,2.3,68.0,TIG,
2024,569.0,Tigres de Quintana Roo,811435,Randy Trejo,SS,47,14,7,0,0,0,24,4,0,13,0,0.232,56,0.283,0.232,0.515,2,2,50.0,1,230,60,13,8,31,0,0,0.406,2.8,,TIG,
2024,569.0,Tigres de Quintana Roo,624221,Carlos Figueroa,LF,71,90,29,6,1,0,56,30,0,54,5,0.231,234,0.331,0.265,0.596,4,9,69.2,1,1119,274,62,17,90,5,0,0.303,2.31,,TIG,
2024,569.0,Tigres de Quintana Roo,471906,Reynaldo Rodriguez,1B,56,42,24,10,0,11,45,20,1,48,1,0.225,213,0.292,0.427,0.719,4,8,66.7,7,910,236,91,34,124,0,2,0.233,0.53,19.36,TIG,
2024,569.0,Tigres de Quintana Roo,676443,Demetrius Sims,SS,28,14,15,5,0,1,34,7,0,21,2,0.223,94,0.291,0.309,0.6,1,6,85.7,2,383,103,29,3,41,0,0,0.339,0.56,94.0,TIG,
2024,569.0,Tigres de Quintana Roo,666452,Eduardo Diaz,RF,25,18,11,6,0,4,20,7,1,16,5,0.2,80,0.304,0.425,0.729,0,1,100.0,2,338,92,34,11,38,0,0,0.214,0.69,20.0,TIG,
2024,569.0,Tigres de Quintana Roo,656029,Alexis Wilson,C,65,47,21,10,0,8,52,26,0,40,1,0.2,200,0.294,0.37,0.664,0,1,100.0,5,894,229,74,21,81,1,1,0.227,0.75,25.0,TIG,
2024,569.0,Tigres de Quintana Roo,660631,Kevin Vicuña,SS,11,5,2,1,1,0,5,2,0,7,1,0.194,36,0.256,0.278,0.534,1,3,75.0,0,127,39,10,1,12,0,0,0.226,0.26,,TIG,
2024,569.0,Tigres de Quintana Roo,657705,Manny Olloque,DH,12,3,3,0,0,0,9,7,0,4,0,0.19,21,0.393,0.19,0.583,0,0,,0,112,28,4,1,7,0,0,0.333,0.6,,TIG,
2024,569.0,Tigres de Quintana Roo,680881,Niko Hulsizer,RF,11,2,7,1,1,3,19,6,0,7,0,0.184,38,0.295,0.5,0.795,0,1,100.0,0,194,44,19,6,19,0,0,0.25,0.2,12.67,TIG,
2024,569.0,Tigres de Quintana Roo,698880,Juan Haro,C,7,2,0,1,0,0,7,1,0,2,0,0.182,11,0.25,0.273,0.523,0,0,,0,52,12,3,2,3,0,0,0.5,2.0,,TIG,
2024,569.0,Tigres de Quintana Roo,667605,Alay Lago,3B,10,9,1,0,0,0,4,0,0,5,1,0.179,28,0.207,0.179,0.386,0,0,,1,92,29,5,1,11,0,0,0.208,0.9,,TIG,
2024,569.0,Tigres de Quintana Roo,643271,Narciso Crook,DH,6,5,3,0,0,1,7,3,0,4,0,0.174,23,0.269,0.304,0.573,0,1,100.0,0,102,26,7,1,12,0,0,0.2,0.71,23.0,TIG,
2024,569.0,Tigres de Quintana Roo,573087,Noah Perio,1B,10,14,3,1,0,0,8,0,0,6,0,0.158,38,0.158,0.184,0.342,0,1,100.0,0,153,38,7,2,23,0,0,0.2,1.4,,TIG,
2024,569.0,Tigres de Quintana Roo,570489,Arismendy Alcántara,SS,3,2,1,0,0,0,2,1,0,1,0,0.143,7,0.25,0.143,0.393,0,0,,0,36,8,1,0,6,0,0,0.2,1.0,,TIG,
2024,569.0,Tigres de Quintana Roo,680365,German Revilla,C,16,9,4,1,0,0,12,1,0,4,1,0.138,29,0.194,0.172,0.366,0,0,,1,131,31,5,3,16,0,0,0.235,2.25,,TIG,
2024,569.0,Tigres de Quintana Roo,827662,Maikol Perez,RF,6,2,0,1,0,0,7,0,0,2,0,0.125,16,0.125,0.188,0.313,1,0,0.0,0,61,16,3,2,8,0,0,0.222,0.4,,TIG,
2024,569.0,Tigres de Quintana Roo,676722,Marcus Chiu,LF,4,2,0,0,0,0,5,2,0,1,0,0.111,9,0.273,0.111,0.384,0,1,100.0,0,52,12,1,0,4,1,0,0.25,1.0,,TIG,
2024,569.0,Tigres de Quintana Roo,701033,Jorge Rivera,SS,19,13,0,0,0,0,9,1,0,3,0,0.1,30,0.129,0.1,0.229,0,1,100.0,1,109,31,3,1,17,0,0,0.143,2.6,,TIG,
2024,569.0,Tigres de Quintana Roo,825747,Shane Skelly,3B,17,5,0,0,0,0,24,2,0,2,0,0.063,32,0.118,0.063,0.181,0,0,,1,118,34,2,0,16,0,0,0.25,5.0,,TIG,
2024,569.0,Tigres de Quintana Roo,471679,Carlos Alberto Gastelum,2B,1,0,0,0,0,0,0,1,0,0,0,0.0,0,1.0,0.0,1.0,0,0,,0,4,1,0,0,0,0,0,,,,TIG,
2024,569.0,Tigres de Quintana Roo,682761,Josuan Hernandez,3B,2,0,0,0,0,0,2,0,0,0,0,0.0,2,0.0,0.0,0.0,0,0,,0,8,2,0,0,1,0,0,,,,TIG,
2024,569.0,Tigres de Quintana Roo,542328,Hans Wilson,C,3,0,0,0,0,0,1,1,0,0,0,0.0,2,0.333,0.0,0.333,0,0,,0,10,3,0,1,2,0,0,0.0,0.0,,TIG,
2024,569.0,Tigres de Quintana Roo,827113,Yandy Yanes,SS,1,1,0,0,0,0,1,0,0,0,0,0.0,3,0.0,0.0,0.0,0,0,,0,10,3,0,0,3,0,0,0.0,1.0,,TIG,
2024,442.0,Olmecas de Tabasco,677900,Manuel Barradas,X,3,0,0,0,0,0,1,0,0,1,0,0.5,2,0.5,0.5,1.0,0,0,,0,6,2,1,0,0,0,0,1.0,,,TAB,
2024,442.0,Olmecas de Tabasco,591977,Felix Perez,DH,43,22,16,5,0,6,17,11,2,45,3,0.372,121,0.434,0.562,0.996,0,1,100.0,3,480,136,68,25,52,0,1,0.394,0.58,20.17,TAB,
2024,442.0,Olmecas de Tabasco,641896,Roy Morales,C,57,53,26,9,1,0,11,11,0,55,5,0.331,166,0.388,0.398,0.786,2,3,60.0,2,648,185,66,25,75,2,1,0.353,1.06,,TAB,
2024,442.0,Olmecas de Tabasco,661270,Roel Santos,CF,20,26,12,3,2,1,14,4,0,24,1,0.304,79,0.345,0.43,0.775,2,2,50.0,3,321,87,34,5,33,3,0,0.359,1.44,79.0,TAB,
2024,442.0,Olmecas de Tabasco,501317,Francisco Peguero,LF,73,100,33,14,1,10,50,12,0,86,5,0.297,290,0.336,0.455,0.791,1,1,50.0,6,1119,307,132,54,118,0,0,0.33,1.85,29.0,TAB,
2024,442.0,Olmecas de Tabasco,510548,Jose Heberto Felix,C,31,26,7,3,0,2,10,0,0,23,1,0.284,81,0.293,0.395,0.688,0,1,100.0,3,258,85,32,4,35,3,0,0.304,1.04,40.5,TAB,
2024,442.0,Olmecas de Tabasco,511428,Leo Heras,RF,56,35,23,9,2,2,40,21,3,44,2,0.278,158,0.368,0.399,0.767,5,11,68.8,0,761,185,63,16,70,3,1,0.359,0.81,79.0,TAB,
2024,442.0,Olmecas de Tabasco,662962,Jasson Atondo,SS,63,92,33,14,2,0,22,14,0,70,1,0.276,254,0.315,0.346,0.661,1,5,83.3,4,987,277,88,23,108,7,1,0.3,1.18,,TAB,
2024,442.0,Olmecas de Tabasco,678499,Randy Romero,CF,75,83,49,12,3,1,52,27,0,73,3,0.275,265,0.348,0.355,0.703,1,30,96.8,3,1194,305,94,23,90,9,1,0.338,1.24,265.0,TAB,
2024,442.0,Olmecas de Tabasco,501659,Abraham Almonte,DH,88,68,49,18,0,15,61,74,1,79,2,0.274,288,0.425,0.493,0.918,0,5,100.0,5,1574,366,142,49,128,1,1,0.3,0.83,19.2,TAB,
2024,442.0,Olmecas de Tabasco,608475,Dawel Lugo,3B,87,104,41,18,0,7,59,8,0,89,1,0.271,329,0.288,0.389,0.677,0,1,100.0,14,1142,344,128,32,188,4,2,0.309,1.25,47.0,TAB,
2024,442.0,Olmecas de Tabasco,607752,Sam Travis,1B,11,11,5,3,0,0,8,3,0,10,2,0.27,37,0.357,0.351,0.708,0,1,100.0,1,170,43,13,2,22,1,0,0.345,1.22,,TAB,
2024,442.0,Olmecas de Tabasco,572228,Luke Voit,1B,80,60,46,10,0,23,76,52,1,75,5,0.27,278,0.391,0.554,0.945,0,1,100.0,5,1343,339,154,57,131,1,3,0.286,0.85,12.09,TAB,
2024,442.0,Olmecas de Tabasco,685834,Michael Baca,X,28,9,5,2,0,0,8,1,0,6,1,0.261,23,0.32,0.348,0.668,0,0,,2,104,25,8,5,7,0,0,0.4,9.0,,TAB,
2024,442.0,Olmecas de Tabasco,588751,Adeiny Hechavarría,2B,69,48,29,15,0,8,62,21,1,59,1,0.249,237,0.312,0.414,0.726,1,0,0.0,8,952,262,98,25,123,2,1,0.304,0.68,29.62,TAB,
2024,442.0,Olmecas de Tabasco,641924,Jacob Nottingham,C,16,11,6,1,0,1,14,6,0,9,0,0.243,37,0.333,0.351,0.684,0,0,,3,171,45,13,7,21,0,2,0.333,2.2,37.0,TAB,
2024,442.0,Olmecas de Tabasco,682204,Logan Brown,C,7,10,1,1,0,0,5,0,0,5,1,0.238,21,0.273,0.286,0.559,0,0,,0,76,23,6,1,9,1,0,0.313,5.0,,TAB,
2024,442.0,Olmecas de Tabasco,676639,Ryan Grotjohn,2B,19,17,8,3,0,1,16,8,0,14,0,0.226,62,0.314,0.323,0.637,0,0,,0,281,70,20,2,24,0,0,0.289,1.13,62.0,TAB,
2024,442.0,Olmecas de Tabasco,546366,Francisco Lugo,X,29,13,3,2,0,0,4,1,0,8,0,0.216,37,0.237,0.27,0.507,0,0,,0,125,38,10,5,18,0,0,0.242,1.08,,TAB,
2024,442.0,Olmecas de Tabasco,642736,Domingo Leyba,2B,53,45,16,7,1,2,32,17,1,33,1,0.216,153,0.297,0.314,0.611,3,0,0.0,3,698,173,48,17,76,1,1,0.258,1.0,76.5,TAB,
2024,442.0,Olmecas de Tabasco,593528,Jorge Bonifacio,RF,34,17,22,3,1,6,35,19,2,23,3,0.195,118,0.315,0.39,0.705,0,1,100.0,0,602,143,46,17,80,0,3,0.213,0.37,19.67,TAB,
2024,442.0,Olmecas de Tabasco,621446,Lewis Brinson,LF,13,6,2,2,0,0,8,3,0,3,0,0.143,21,0.25,0.238,0.488,1,0,0.0,2,88,24,5,4,12,0,0,0.231,1.5,,TAB,
2024,442.0,Olmecas de Tabasco,814028,Emiliano Valencia,X,14,6,3,0,0,0,0,2,0,1,0,0.143,7,0.333,0.143,0.476,0,0,,1,33,9,1,0,7,0,0,0.143,6.0,,TAB,
2024,442.0,Olmecas de Tabasco,571740,Billy Hamilton,CF,11,11,2,1,0,0,12,9,0,5,0,0.128,39,0.292,0.154,0.446,1,2,66.7,0,208,48,6,3,18,0,0,0.185,1.0,,TAB,
2024,442.0,Olmecas de Tabasco,456379,Al Alburquerque,P,21,0,0,0,0,0,0,0,0,0,0,0.0,0,0.0,0.0,0.0,0,0,,0,0,0,0,0,0,0,0,,,,TAB,
2024,442.0,Olmecas de Tabasco,806460,Jacob Barfield,X,3,0,0,0,0,0,1,0,0,0,0,0.0,1,0.0,0.0,0.0,0,0,,0,7,1,0,0,0,0,0,,,,TAB,
2024,442.0,Olmecas de Tabasco,674671,Robbie Glendinning,1B,3,2,0,0,0,0,2,0,0,0,0,0.0,6,0.0,0.0,0.0,0,0,,0,18,6,0,0,3,0,0,0.0,1.0,,TAB,
2024,442.0,Olmecas de Tabasco,643418,Shed Long Jr.,2B,3,5,0,0,0,0,1,0,0,0,0,0.0,6,0.0,0.0,0.0,0,0,,0,16,6,0,0,3,0,0,0.0,5.0,,TAB,
2024,447.0,Algodoneros Union Laguna,657051,Nicholas Torres,RF,85,77,65,22,0,15,85,43,0,109,6,0.341,320,0.424,0.55,0.974,5,10,66.7,6,1506,373,176,66,134,0,4,0.42,1.45,21.33,LAG,
2024,447.0,Algodoneros Union Laguna,804107,Albert Lara,SS,52,48,23,8,2,1,22,9,0,48,1,0.336,143,0.377,0.441,0.818,3,2,40.0,4,521,158,63,19,56,4,1,0.388,1.6,143.0,LAG,
2024,447.0,Algodoneros Union Laguna,542340,Jonathan Villar,3B,84,119,48,17,2,3,56,37,0,106,4,0.325,326,0.399,0.417,0.816,6,24,80.0,9,1411,376,136,39,126,8,1,0.384,2.2,108.67,LAG,
2024,447.0,Algodoneros Union Laguna,692269,Ramon Mora,SS,7,1,2,0,0,0,1,1,0,4,0,0.308,13,0.333,0.308,0.641,0,1,100.0,1,47,15,4,1,5,0,1,0.308,0.13,,LAG,
2024,447.0,Algodoneros Union Laguna,674504,Francisco Hernandez,RF,37,11,6,2,1,0,6,2,0,11,2,0.306,36,0.375,0.417,0.792,0,0,,0,137,41,15,1,21,1,0,0.367,1.22,,LAG,
2024,447.0,Algodoneros Union Laguna,642707,Allen Córdoba,CF,84,98,58,16,2,4,45,39,1,83,13,0.304,273,0.412,0.421,0.833,7,10,58.8,9,1305,338,115,29,101,10,3,0.348,1.63,68.25,LAG,
2024,447.0,Algodoneros Union Laguna,594953,Daniel Palka,1B,41,38,25,6,0,10,35,19,2,42,0,0.298,141,0.372,0.553,0.925,0,0,,5,633,164,78,35,80,0,4,0.32,1.27,14.1,LAG,
2024,447.0,Algodoneros Union Laguna,681944,Dean Nevarez,C,53,39,22,10,0,1,36,10,0,43,2,0.297,145,0.344,0.386,0.73,2,1,33.3,5,639,162,56,28,53,2,3,0.378,1.22,145.0,LAG,
2024,447.0,Algodoneros Union Laguna,649955,Hendrik Clementina,DH,12,8,6,4,1,1,20,4,0,13,1,0.283,46,0.353,0.478,0.831,1,0,0.0,0,197,51,22,7,23,0,0,0.48,1.6,46.0,LAG,
2024,447.0,Algodoneros Union Laguna,686659,Julian Escobedo,LF,59,42,39,9,6,5,35,24,0,44,3,0.277,159,0.378,0.503,0.881,1,2,66.7,1,768,191,80,28,76,3,2,0.322,0.98,31.8,LAG,
2024,447.0,Algodoneros Union Laguna,677977,Edgar Robles,CF,40,24,16,7,0,0,16,13,0,21,5,0.266,79,0.394,0.354,0.748,5,2,28.6,2,383,100,28,11,32,1,2,0.323,1.14,,LAG,
2024,447.0,Algodoneros Union Laguna,544369,Didi Gregorius,SS,75,66,47,17,1,7,37,37,2,71,7,0.262,271,0.363,0.41,0.773,2,6,75.0,5,1159,318,111,43,143,1,2,0.279,0.66,38.71,LAG,
2024,447.0,Algodoneros Union Laguna,571437,Aaron Altherr,LF,45,23,28,9,2,9,58,32,0,38,7,0.259,147,0.412,0.531,0.943,0,4,100.0,1,808,187,78,20,72,0,1,0.358,0.79,16.33,LAG,
2024,447.0,Algodoneros Union Laguna,570731,Jonathan Schoop,2B,81,64,48,20,0,15,75,36,3,74,7,0.253,293,0.344,0.474,0.818,2,1,33.3,12,1309,340,139,60,140,0,4,0.285,0.76,19.53,LAG,
2024,447.0,Algodoneros Union Laguna,668210,Adrian Tovalin,1B,65,52,25,9,1,6,48,12,1,45,5,0.249,181,0.312,0.409,0.721,1,1,50.0,3,788,202,74,36,75,3,1,0.305,1.3,30.17,LAG,
2024,447.0,Algodoneros Union Laguna,657261,Darren Seferina,2B,33,15,7,0,3,1,20,7,0,15,0,0.246,61,0.324,0.393,0.717,2,1,33.3,1,255,70,24,3,42,2,0,0.35,1.15,61.0,LAG,
2024,447.0,Algodoneros Union Laguna,554238,Carlos Franco,1B,41,42,16,11,0,3,33,20,2,30,0,0.231,130,0.329,0.385,0.714,0,1,100.0,5,585,152,50,23,65,0,2,0.281,1.56,43.33,LAG,
2024,447.0,Algodoneros Union Laguna,500208,Yangervis Solarte,1B,20,25,9,2,0,2,8,9,0,16,0,0.219,73,0.301,0.329,0.63,0,0,,8,306,83,24,10,49,0,1,0.219,1.0,36.5,LAG,
2024,447.0,Algodoneros Union Laguna,642299,Alejandro Flores,C,30,19,16,4,1,3,21,11,0,18,1,0.217,83,0.316,0.398,0.714,1,1,50.0,1,385,98,33,8,50,3,0,0.254,0.68,27.67,LAG,
2024,447.0,Algodoneros Union Laguna,624645,Julian Leon,C,33,17,11,4,0,2,36,11,0,16,2,0.205,78,0.315,0.333,0.648,0,0,,2,390,95,26,8,33,3,1,0.341,1.31,39.0,LAG,
2024,447.0,Algodoneros Union Laguna,808937,Gael Guzman,X,11,6,1,0,0,0,3,1,0,0,0,0.0,10,0.091,0.0,0.091,0,0,,1,44,11,0,0,6,0,0,0.0,6.0,,LAG,
2024,447.0,Algodoneros Union Laguna,828256,Victor Rodriguez,2B,1,1,0,0,0,0,0,0,0,0,0,0.0,1,0.0,0.0,0.0,0,0,,0,5,1,0,0,0,0,0,0.0,1.0,,LAG,
2024,447.0,Algodoneros Union Laguna,668954,Curtis Taylor,P,15,0,0,0,0,0,0,0,0,0,0,0.0,0,0.0,0.0,0.0,0,0,,0,0,0,0,0,0,0,0,,,,LAG,
2024,575.0,Dorados de Chihuahua,676941,Saul Garza,C,25,15,15,5,1,4,24,4,0,31,5,0.356,87,0.417,0.575,0.992,0,6,100.0,3,321,97,50,16,48,1,0,0.458,0.83,21.75,CHI,
2024,575.0,Dorados de Chihuahua,593432,Jesus Loya,LF,37,28,12,4,0,2,14,7,1,37,0,0.343,108,0.376,0.435,0.811,2,0,0.0,3,417,118,47,14,43,1,2,0.372,0.88,54.0,CHI,
2024,575.0,Dorados de Chihuahua,655996,Cristian Santana,1B,43,45,24,10,0,5,33,8,0,56,2,0.333,168,0.369,0.482,0.851,1,1,50.0,5,648,179,81,32,65,0,1,0.389,1.29,33.6,CHI,
2024,575.0,Dorados de Chihuahua,590271,Sebastián Elizalde,RF,65,68,41,18,0,6,26,28,0,78,1,0.318,245,0.385,0.465,0.85,3,8,72.7,7,1066,279,114,35,109,1,4,0.332,0.87,40.83,CHI,
2024,575.0,Dorados de Chihuahua,600951,Leobaldo Piña,3B,85,90,49,21,4,2,50,34,0,104,3,0.316,329,0.383,0.422,0.805,5,2,28.6,9,1378,369,139,35,128,1,2,0.366,1.02,164.5,CHI,
2024,575.0,Dorados de Chihuahua,665890,Seuly Matias,CF,21,16,13,5,0,3,20,7,0,21,4,0.313,67,0.405,0.522,0.927,1,0,0.0,0,295,79,35,14,29,0,1,0.4,1.45,22.33,CHI,
2024,575.0,Dorados de Chihuahua,824627,Manny Garcia,RF,74,80,33,20,3,6,41,14,1,86,5,0.297,290,0.339,0.448,0.787,5,14,73.7,8,1062,313,130,46,115,3,1,0.328,0.92,48.33,CHI,
2024,575.0,Dorados de Chihuahua,650508,Carlos Herrera,SS,74,100,36,15,2,4,44,17,2,81,2,0.29,279,0.336,0.401,0.737,3,3,50.0,5,1014,304,112,30,113,6,0,0.333,1.67,69.75,CHI,
2024,575.0,Dorados de Chihuahua,514719,Henry Alejandro Rodriguez,DH,35,36,13,5,1,2,24,12,0,35,0,0.285,123,0.348,0.39,0.738,0,0,,4,518,135,48,11,65,0,0,0.34,1.29,61.5,CHI,
2024,575.0,Dorados de Chihuahua,653245,Kristian Delgado,2B,46,37,19,8,0,3,28,12,0,40,3,0.282,142,0.35,0.401,0.751,3,0,0.0,3,606,161,57,20,58,4,0,0.333,0.9,47.33,CHI,
2024,575.0,Dorados de Chihuahua,681669,Alejandro Rivero,2B,57,36,25,14,1,2,53,8,0,49,7,0.282,174,0.339,0.408,0.747,5,1,16.7,3,714,192,71,16,74,3,0,0.395,0.92,87.0,CHI,
2024,575.0,Dorados de Chihuahua,642751,Carlos Martínez,C,39,39,14,10,0,1,20,6,0,38,1,0.273,139,0.302,0.367,0.669,0,0,,9,520,150,51,15,59,1,3,0.306,0.85,139.0,CHI,
2024,575.0,Dorados de Chihuahua,656695,J.J. Matijevic,1B,31,30,18,4,2,2,26,11,1,30,2,0.273,110,0.347,0.4,0.747,1,1,50.0,2,480,124,44,15,59,0,1,0.337,1.2,55.0,CHI,
2024,575.0,Dorados de Chihuahua,676002,Juan Carlos Negret,LF,59,24,20,13,0,4,64,5,0,50,4,0.27,185,0.303,0.405,0.708,0,1,100.0,0,762,195,75,27,96,0,1,0.39,0.5,46.25,CHI,
2024,575.0,Dorados de Chihuahua,665651,Diego Rincones,DH,12,14,0,1,0,0,6,1,0,11,1,0.268,41,0.302,0.293,0.595,0,0,,1,134,43,12,6,25,0,0,0.314,1.4,,CHI,
2024,575.0,Dorados de Chihuahua,692941,Hector Mora,SS,46,27,11,7,0,0,27,1,0,24,0,0.261,92,0.269,0.337,0.606,1,1,50.0,2,335,94,31,5,36,1,0,0.369,1.8,,CHI,
2024,575.0,Dorados de Chihuahua,680029,Oziel Flores,2B,60,36,17,2,1,1,29,7,0,29,0,0.254,114,0.295,0.316,0.611,2,2,50.0,3,459,125,36,11,43,3,1,0.329,1.5,114.0,CHI,
2024,575.0,Dorados de Chihuahua,642487,Jesus Martinez,CF,71,105,40,11,3,2,51,25,1,62,3,0.252,246,0.327,0.346,0.673,2,7,77.8,8,1050,281,85,18,101,6,1,0.309,3.0,123.0,CHI,
2024,575.0,Dorados de Chihuahua,666141,Drew Mendoza,3B,10,16,2,1,0,0,6,4,0,8,0,0.235,34,0.316,0.265,0.581,0,0,,1,138,38,9,2,11,0,0,0.286,4.0,,CHI,
2024,575.0,Dorados de Chihuahua,571531,Sergio Burruel,C,40,23,9,3,0,2,26,13,0,25,0,0.234,107,0.317,0.318,0.635,1,0,0.0,4,487,120,34,10,47,0,0,0.291,0.7,53.5,CHI,
2024,575.0,Dorados de Chihuahua,524648,Alejandro Gonzalez,CF,11,6,5,1,0,0,10,3,0,6,2,0.231,26,0.355,0.269,0.624,0,1,100.0,1,121,31,7,2,18,0,0,0.375,1.5,,CHI,
2024,575.0,Dorados de Chihuahua,594020,Ricardo Valenzuela,C,13,12,3,2,0,1,9,4,0,8,1,0.205,39,0.295,0.333,0.628,0,0,,5,171,44,13,3,21,0,0,0.241,1.2,39.0,CHI,
2024,575.0,Dorados de Chihuahua,666137,Khalil Lee,CF,3,4,2,1,0,0,1,2,0,2,0,0.154,13,0.267,0.231,0.498,0,0,,0,66,15,3,0,8,0,0,0.167,0.67,,CHI,
2024,575.0,Dorados de Chihuahua,671495,Channy Ortiz,2B,4,2,1,0,0,0,2,2,0,1,0,0.143,7,0.333,0.143,0.476,0,0,,0,39,9,1,0,7,0,0,0.2,1.0,,CHI,
2024,575.0,Dorados de Chihuahua,678405,Hansen Lopez,C,19,5,4,2,0,0,18,5,0,5,1,0.139,36,0.262,0.194,0.456,0,0,,1,171,42,7,3,16,0,0,0.278,0.63,,CHI,
2024,575.0,Dorados de Chihuahua,672378,Carlos Pacheco,X,22,5,2,0,1,0,13,1,0,3,0,0.111,27,0.143,0.185,0.328,0,1,100.0,2,122,28,5,0,24,0,0,0.214,0.83,,CHI,
2024,575.0,Dorados de Chihuahua,572241,David Washington,LF,1,0,0,0,0,0,4,0,0,0,0,0.0,4,0.0,0.0,0.0,0,0,,0,18,4,0,0,6,0,0,,,,CHI,
2024,5567.0,El Aguila de Veracruz,622738,Tito Polo,LF,27,19,15,7,1,3,18,4,0,34,6,0.41,83,0.473,0.627,1.1,4,5,55.6,2,341,96,52,17,44,3,0,0.5,1.27,27.67,VER,
2024,5567.0,El Aguila de Veracruz,655212,Manuel Orduno,2B,3,1,0,0,0,0,1,0,0,2,1,0.4,5,0.5,0.4,0.9,0,0,,0,25,6,2,0,2,0,0,0.5,1.0,,VER,
2024,5567.0,El Aguila de Veracruz,554238,Carlos Franco,3B,38,23,28,7,0,9,31,32,2,39,0,0.317,123,0.455,0.593,1.048,0,3,100.0,1,656,156,73,27,70,0,1,0.357,0.74,13.67,VER,
2024,5567.0,El Aguila de Veracruz,624577,Yasiel Puig,RF,63,47,43,12,0,18,44,25,3,70,12,0.314,223,0.41,0.61,1.02,3,1,25.0,7,986,261,136,43,99,0,1,0.321,0.75,12.39,VER,
2024,5567.0,El Aguila de Veracruz,607439,Herlis Rodriguez,CF,90,102,66,24,1,5,76,45,2,107,9,0.301,355,0.392,0.417,0.809,9,36,80.0,1,1594,414,148,32,112,3,2,0.37,1.36,71.0,VER,
2024,5567.0,El Aguila de Veracruz,451713,Carlos Peguero,DH,8,2,0,2,0,0,11,3,0,6,0,0.3,20,0.391,0.4,0.791,0,0,,0,112,23,8,2,13,0,0,0.667,2.0,,VER,
2024,5567.0,El Aguila de Veracruz,606340,Edwin Espinal,1B,82,87,32,10,0,7,34,18,1,90,4,0.29,310,0.331,0.39,0.721,0,1,100.0,11,1331,338,121,54,157,0,6,0.302,0.83,44.29,VER,
2024,5567.0,El Aguila de Veracruz,620442,Wendell Rijo,2B,13,15,0,1,0,0,4,3,0,11,0,0.289,38,0.333,0.316,0.649,2,1,33.3,0,159,44,12,4,16,2,1,0.314,1.36,,VER,
2024,5567.0,El Aguila de Veracruz,516631,Gustavo Nunez,SS,82,115,47,12,0,7,41,43,0,89,1,0.279,319,0.364,0.382,0.746,5,14,73.7,10,1333,368,122,40,140,3,2,0.3,1.46,45.57,VER,
2024,5567.0,El Aguila de Veracruz,587275,Alan Espinoza,C,59,56,27,13,3,5,35,19,0,53,3,0.276,192,0.347,0.453,0.8,2,0,0.0,4,809,220,87,25,91,4,2,0.312,1.04,38.4,VER,
2024,5567.0,El Aguila de Veracruz,641323,Luis Aviles Jr.,2B,13,16,7,3,0,0,11,5,0,14,0,0.275,51,0.339,0.333,0.672,0,3,100.0,1,200,56,17,5,21,0,0,0.35,1.6,,VER,
2024,5567.0,El Aguila de Veracruz,668165,Jose Gaitan,LF,69,80,31,16,1,4,51,18,1,61,4,0.26,235,0.316,0.387,0.703,3,9,75.0,7,960,270,91,28,124,7,6,0.306,1.43,58.75,VER,
2024,5567.0,El Aguila de Veracruz,664768,Connor Panas,RF,55,36,32,8,1,6,31,31,0,46,10,0.253,182,0.387,0.407,0.794,4,6,60.0,0,902,225,74,20,79,0,2,0.272,0.51,30.33,VER,
2024,5567.0,El Aguila de Veracruz,549930,Alberto Carreon,DH,13,9,3,1,0,1,3,2,0,7,0,0.25,28,0.3,0.393,0.693,1,1,50.0,0,97,30,11,4,17,0,0,0.25,1.0,28.0,VER,
2024,5567.0,El Aguila de Veracruz,674491,Ricky Rodriguez,DH,15,9,5,1,0,1,14,5,0,8,0,0.242,33,0.333,0.364,0.697,0,0,,1,166,40,12,5,16,1,1,0.368,2.25,33.0,VER,
2024,5567.0,El Aguila de Veracruz,689161,Carlos Arellano,2B,69,61,26,11,0,2,54,11,1,49,6,0.237,207,0.291,0.319,0.61,1,3,75.0,3,850,237,66,24,89,10,3,0.305,1.09,103.5,VER,
2024,5567.0,El Aguila de Veracruz,472505,Jesus Valdez,DH,57,60,20,7,0,5,33,16,2,47,1,0.235,200,0.294,0.345,0.639,1,0,0.0,7,804,218,69,28,117,0,1,0.258,0.98,40.0,VER,
2024,5567.0,El Aguila de Veracruz,499926,Alex Liddi,3B,50,37,23,5,1,6,65,27,2,35,2,0.211,166,0.327,0.361,0.688,1,4,80.0,4,831,196,60,23,58,0,1,0.302,1.23,27.67,VER,
2024,5567.0,El Aguila de Veracruz,603877,Fernando Flores,C,27,27,2,3,1,0,8,4,0,13,0,0.21,62,0.258,0.29,0.548,0,0,,7,242,67,18,5,38,1,0,0.241,1.8,,VER,
2024,5567.0,El Aguila de Veracruz,599096,Dilson Herrera,2B,19,15,6,3,0,0,13,5,0,10,0,0.204,49,0.268,0.265,0.533,0,0,,1,232,58,13,3,28,2,2,0.263,1.0,,VER,
2024,5567.0,El Aguila de Veracruz,622541,Malquin Canelo,X,17,4,5,1,1,0,10,1,0,4,0,0.2,20,0.238,0.35,0.588,0,0,,2,78,21,7,3,15,0,0,0.4,2.0,,VER,
2024,5567.0,El Aguila de Veracruz,824002,Ricardo Rincon,1B,10,0,1,0,0,0,1,2,0,1,0,0.2,5,0.429,0.2,0.629,0,0,,0,26,7,1,0,5,0,0,0.25,0.0,,VER,
2024,5567.0,El Aguila de Veracruz,683110,Miguel Ojeda Jr.,C,15,3,3,1,0,1,6,2,0,4,1,0.19,21,0.292,0.381,0.673,0,0,,0,81,25,8,3,6,1,0,0.214,0.33,21.0,VER,
2024,5567.0,El Aguila de Veracruz,650380,Roldani Baldwin,C,15,10,6,1,0,1,20,4,0,9,0,0.188,48,0.25,0.271,0.521,1,0,0.0,1,180,53,13,6,30,1,0,0.296,1.0,48.0,VER,
2024,5567.0,El Aguila de Veracruz,650513,Manuel Melendez,X,7,1,0,0,0,0,2,0,0,1,0,0.167,6,0.167,0.167,0.334,0,0,,0,25,6,1,0,2,0,0,0.25,0.5,,VER,
2024,5567.0,El Aguila de Veracruz,624933,Jose Luna,LF,12,3,4,0,0,0,7,3,0,2,1,0.154,13,0.353,0.154,0.507,1,0,0.0,1,76,17,2,0,8,0,0,0.333,3.0,,VER,
2024,5567.0,El Aguila de Veracruz,692442,Ivan Chavez,X,22,4,2,0,0,0,4,0,0,0,0,0.0,9,0.0,0.0,0.0,0,0,,0,38,9,0,0,4,0,0,0.0,4.0,,VER,
2024,5567.0,El Aguila de Veracruz,815752,Ivan Lozano,X,5,0,0,0,0,0,2,0,0,0,0,0.0,2,0.0,0.0,0.0,0,0,,0,14,2,0,0,1,0,0,,,,VER,
2024,579.0,Guerreros de Oaxaca,665776,Pedro Castellanos,X,1,0,0,0,0,0,0,0,0,1,0,1.0,1,1.0,1.0,2.0,0,0,,0,7,1,1,0,0,0,0,1.0,,,OAX,
2024,579.0,Guerreros de Oaxaca,642456,Luis Barrera,RF,26,32,21,9,2,2,16,10,2,41,2,0.376,109,0.438,0.55,0.988,0,3,100.0,0,413,123,60,15,34,2,0,0.429,1.45,54.5,OAX,
2024,579.0,Guerreros de Oaxaca,666464,Jerar Encarnacion,LF,26,17,33,1,0,19,26,13,1,34,0,0.366,93,0.439,0.989,1.428,0,2,100.0,3,400,107,92,36,44,0,1,0.306,1.0,4.9,OAX,
2024,579.0,Guerreros de Oaxaca,506560,Alexi Amarista,2B,87,104,67,25,5,15,41,23,1,133,3,0.361,368,0.402,0.579,0.981,3,1,25.0,5,1548,401,213,57,151,5,2,0.376,1.07,24.53,OAX,
2024,579.0,Guerreros de Oaxaca,596143,Luis Sardinas,3B,12,8,8,1,0,1,8,6,0,14,2,0.333,42,0.44,0.429,0.869,1,0,0.0,1,190,51,18,11,19,1,0,0.394,0.62,42.0,OAX,
2024,579.0,Guerreros de Oaxaca,602074,Yonathan Daza,CF,58,78,42,17,2,4,38,9,0,82,3,0.329,249,0.356,0.462,0.818,2,7,77.8,6,900,268,115,38,125,4,3,0.371,1.34,62.25,OAX,
2024,579.0,Guerreros de Oaxaca,600524,Renato Núñez,DH,13,14,5,1,0,3,8,4,0,16,1,0.327,49,0.389,0.531,0.92,0,1,100.0,1,183,54,26,11,16,0,0,0.342,1.27,16.33,OAX,
2024,579.0,Guerreros de Oaxaca,500869,Emmanuel Avila,3B,6,8,5,2,0,1,4,1,0,7,1,0.318,22,0.375,0.545,0.92,0,0,,1,69,25,12,4,6,1,0,0.353,2.0,22.0,OAX,
2024,579.0,Guerreros de Oaxaca,670582,Yariel Gonzalez,3B,65,60,45,14,1,11,41,19,0,76,0,0.311,244,0.358,0.512,0.87,1,0,0.0,4,1029,265,125,40,101,0,2,0.335,0.87,22.18,OAX,
2024,579.0,Guerreros de Oaxaca,471906,Reynaldo Rodriguez,1B,32,21,16,9,0,7,21,10,0,36,0,0.308,117,0.357,0.564,0.921,2,2,50.0,0,459,129,66,20,72,0,2,0.319,0.51,16.71,OAX,
2024,579.0,Guerreros de Oaxaca,657733,Roberto Ramos,DH,64,33,31,12,0,15,57,34,1,60,2,0.299,201,0.403,0.582,0.985,1,0,0.0,6,979,238,117,41,93,0,1,0.346,0.63,13.4,OAX,
2024,579.0,Guerreros de Oaxaca,681482,Pedro Castellano,3B,40,22,20,9,0,4,32,12,0,28,2,0.298,94,0.389,0.521,0.91,0,1,100.0,0,417,109,49,15,47,1,0,0.414,1.69,23.5,OAX,
2024,579.0,Guerreros de Oaxaca,524648,Alejandro Gonzalez,LF,26,4,13,3,0,0,10,4,0,10,1,0.294,34,0.385,0.382,0.767,0,0,,1,161,39,13,5,19,0,0,0.417,0.4,,OAX,
2024,579.0,Guerreros de Oaxaca,578570,Juniel Querecuto,SS,41,43,24,12,0,6,38,11,0,47,2,0.283,166,0.331,0.464,0.795,1,4,80.0,6,680,183,77,32,67,2,2,0.331,1.02,27.67,OAX,
2024,579.0,Guerreros de Oaxaca,592312,Jorge Flores,SS,73,71,42,10,1,0,48,39,0,63,2,0.281,224,0.391,0.335,0.726,5,7,58.3,3,1058,275,75,24,95,9,1,0.356,1.37,,OAX,
2024,579.0,Guerreros de Oaxaca,593449,Gabriel Lino,C,55,38,26,7,0,9,52,10,0,50,3,0.279,179,0.326,0.469,0.795,0,1,100.0,3,734,195,84,35,78,1,1,0.345,0.93,19.89,OAX,
2024,579.0,Guerreros de Oaxaca,657674,Kyle Martin,1B,72,38,55,12,0,21,70,42,5,76,7,0.278,273,0.388,0.553,0.941,0,5,100.0,3,1293,322,151,68,124,0,0,0.302,0.43,13.0,OAX,
2024,579.0,Guerreros de Oaxaca,594020,Ricardo Valenzuela,C,37,40,19,9,0,2,18,9,0,32,3,0.274,117,0.341,0.402,0.743,0,0,,1,493,135,47,8,48,6,0,0.309,1.21,58.5,OAX,
2024,579.0,Guerreros de Oaxaca,621034,Melvin Mercedes,LF,41,38,16,3,1,0,15,16,0,28,2,0.272,103,0.38,0.32,0.7,2,7,77.8,1,486,123,33,9,45,2,0,0.318,1.58,,OAX,
2024,579.0,Guerreros de Oaxaca,614182,Jose Carlos Urena,RF,70,62,35,7,0,15,62,25,0,61,2,0.255,239,0.331,0.473,0.804,2,1,33.3,10,1058,266,113,36,124,0,0,0.284,1.15,15.93,OAX,
2024,579.0,Guerreros de Oaxaca,570489,Arismendy Alcántara,CF,23,17,15,3,0,4,31,9,0,21,0,0.239,88,0.309,0.409,0.718,1,5,83.3,1,418,97,36,9,42,0,0,0.321,0.89,22.0,OAX,
2024,579.0,Guerreros de Oaxaca,660630,Romer Cuadrado,LF,20,12,5,2,0,2,20,9,0,13,0,0.232,56,0.338,0.375,0.713,0,0,,2,266,65,21,8,28,0,0,0.324,1.09,28.0,OAX,
2024,579.0,Guerreros de Oaxaca,701722,Sebastian Garcia,X,28,6,9,0,0,0,4,4,0,5,1,0.227,22,0.37,0.227,0.597,0,2,100.0,1,115,27,5,3,17,0,0,0.278,0.86,,OAX,
2024,579.0,Guerreros de Oaxaca,542513,Tomás Telis,C,14,25,6,3,0,0,3,7,0,10,0,0.227,44,0.333,0.295,0.628,0,1,100.0,1,182,51,13,5,23,0,0,0.244,4.17,,OAX,
2024,579.0,Guerreros de Oaxaca,622758,Angel Aguilar,3B,14,10,4,3,0,1,11,0,0,9,2,0.22,41,0.256,0.366,0.622,0,0,,1,149,43,15,2,24,0,0,0.276,0.91,41.0,OAX,
2024,579.0,Guerreros de Oaxaca,692270,Antonio Castaneda,LF,7,2,1,1,0,0,1,2,0,1,0,0.2,5,0.429,0.4,0.829,0,0,,0,28,7,2,1,2,0,0,0.25,2.0,,OAX,
2024,579.0,Guerreros de Oaxaca,685736,Cristian Mejia,C,8,1,2,1,0,0,5,3,0,2,1,0.2,10,0.429,0.3,0.729,0,0,,0,60,14,3,0,5,0,0,0.4,0.5,,OAX,
2024,579.0,Guerreros de Oaxaca,699136,Heber Villalobos,C,3,0,0,0,0,0,2,2,0,1,0,0.2,5,0.429,0.2,0.629,0,0,,0,25,7,1,0,6,0,0,0.333,0.0,,OAX,
2024,579.0,Guerreros de Oaxaca,500208,Yangervis Solarte,1B,4,4,1,0,0,0,2,1,0,2,0,0.182,11,0.231,0.182,0.413,0,0,,0,48,13,2,1,6,0,1,0.2,1.0,,OAX,
2024,579.0,Guerreros de Oaxaca,605504,Dillon Thomas,CF,2,1,2,0,0,0,5,1,0,1,0,0.143,7,0.25,0.143,0.393,0,0,,1,35,8,1,0,3,0,0,0.5,1.0,,OAX,
2024,579.0,Guerreros de Oaxaca,827369,Carlos Garcia,X,1,1,0,0,0,0,0,0,0,0,0,0.0,1,0.0,0.0,0.0,0,0,,0,3,1,0,0,0,0,0,0.0,1.0,,OAX,
2024,4444.0,Caliente de Durango,656695,J.J. Matijevic,LF,38,37,25,10,2,1,28,16,0,48,0,0.361,133,0.427,0.489,0.916,2,1,33.3,2,601,150,65,18,48,0,1,0.448,1.76,133.0,DUR,
2024,4444.0,Caliente de Durango,607752,Sam Travis,1B,57,58,49,11,3,4,28,31,0,79,3,0.348,227,0.431,0.476,0.907,5,3,37.5,4,965,262,108,37,88,0,1,0.383,0.92,56.75,DUR,
2024,4444.0,Caliente de Durango,802888,Victor Marquez,SS,17,12,5,0,0,0,8,6,0,13,0,0.342,38,0.432,0.342,0.774,2,2,50.0,0,184,47,13,2,9,3,0,0.433,1.5,,DUR,
2024,4444.0,Caliente de Durango,598724,Manuel Boscan,2B,92,97,46,23,1,10,46,38,1,110,10,0.327,336,0.409,0.491,0.9,5,9,64.3,8,1449,387,165,66,154,1,2,0.355,1.13,33.6,DUR,
2024,4444.0,Caliente de Durango,672906,Lazaro Alonso,1B,38,32,19,10,1,5,37,22,0,38,3,0.302,126,0.417,0.516,0.933,0,0,,5,615,151,65,22,51,0,0,0.393,1.68,25.2,DUR,
2024,4444.0,Caliente de Durango,663445,James Nelson,3B,85,70,60,12,4,9,64,60,1,86,5,0.297,290,0.425,0.459,0.884,5,11,68.8,2,1496,355,133,55,153,0,0,0.355,1.0,32.22,DUR,
2024,4444.0,Caliente de Durango,642488,Ademar Rifaela,DH,29,27,11,8,0,2,34,6,0,31,1,0.29,107,0.33,0.421,0.751,0,2,100.0,4,455,115,45,21,52,0,1,0.403,1.69,53.5,DUR,
2024,4444.0,Caliente de Durango,674671,Robbie Glendinning,SS,19,15,11,3,0,3,28,11,0,21,0,0.288,73,0.381,0.452,0.833,1,0,0.0,0,359,85,33,11,25,1,0,0.429,1.5,24.33,DUR,
2024,4444.0,Caliente de Durango,628366,Ariel Sandoval,CF,42,36,22,3,1,3,27,18,1,41,1,0.285,144,0.361,0.382,0.743,3,3,50.0,6,643,167,55,24,74,1,3,0.325,0.82,48.0,DUR,
2024,4444.0,Caliente de Durango,608380,Drew Ward,1B,25,14,11,3,0,3,37,7,0,23,0,0.284,81,0.337,0.432,0.769,1,0,0.0,3,346,89,35,10,52,0,1,0.476,1.75,27.0,DUR,
2024,4444.0,Caliente de Durango,682841,Michael Robles,2B,46,42,27,9,0,4,32,18,1,46,3,0.28,164,0.36,0.409,0.769,3,3,50.0,3,770,191,67,18,64,5,1,0.326,0.84,41.0,DUR,
2024,4444.0,Caliente de Durango,657705,Manny Olloque,CF,30,11,13,5,2,2,24,13,0,22,1,0.275,80,0.383,0.463,0.846,1,1,50.0,0,365,94,37,6,38,0,0,0.37,0.48,40.0,DUR,
2024,4444.0,Caliente de Durango,673882,Freddvil Chevez,LF,7,5,3,1,0,0,10,1,0,6,0,0.273,22,0.304,0.318,0.622,0,0,,0,83,23,7,1,13,0,0,0.5,5.0,,DUR,
2024,4444.0,Caliente de Durango,594906,Alfredo Lopez,LF,46,66,28,9,2,0,21,18,0,49,2,0.268,183,0.333,0.339,0.672,5,14,73.7,6,801,207,62,11,69,0,4,0.295,1.29,,DUR,
2024,4444.0,Caliente de Durango,604996,Carlos Garzon,C,60,46,22,5,0,1,42,20,0,41,1,0.261,157,0.348,0.312,0.66,0,1,100.0,4,711,179,49,18,62,1,0,0.351,1.59,157.0,DUR,
2024,4444.0,Caliente de Durango,660842,Juan Uriarte,DH,41,31,16,6,1,7,38,8,0,32,3,0.25,128,0.305,0.477,0.782,2,1,33.3,2,506,141,61,21,63,0,2,0.294,1.07,18.29,DUR,
2024,4444.0,Caliente de Durango,477453,Santiago Gonzalez,X,43,18,4,2,0,0,13,3,0,14,1,0.246,57,0.295,0.281,0.576,1,0,0.0,1,212,61,16,6,24,0,0,0.318,1.5,,DUR,
2024,4444.0,Caliente de Durango,641323,Luis Aviles Jr.,SS,37,40,18,5,2,3,33,13,1,36,0,0.243,148,0.299,0.365,0.664,2,4,66.7,5,614,164,54,23,71,0,3,0.287,0.95,49.33,DUR,
2024,4444.0,Caliente de Durango,554031,Jose Manuel Orozco,RF,80,51,31,6,3,7,80,30,2,57,3,0.238,240,0.327,0.375,0.702,1,2,66.7,6,1076,275,90,36,126,0,2,0.323,0.94,34.29,DUR,
2024,4444.0,Caliente de Durango,594021,Alberth Martinez,RF,32,18,11,5,0,2,31,16,0,24,2,0.216,111,0.321,0.315,0.636,1,0,0.0,2,554,131,35,11,52,0,2,0.275,0.45,55.5,DUR,
2024,4444.0,Caliente de Durango,641104,Carlos Mendivil,C,26,31,7,4,0,1,10,2,0,13,0,0.21,62,0.227,0.323,0.55,1,0,0.0,1,228,67,20,8,36,1,2,0.226,2.82,62.0,DUR,
2024,4444.0,Caliente de Durango,650909,Juan Rodriguez,3B,50,30,13,3,1,1,35,10,0,20,3,0.198,101,0.287,0.277,0.564,0,2,100.0,2,466,115,28,10,55,0,1,0.288,1.76,101.0,DUR,
2024,4444.0,Caliente de Durango,677593,Luis García,SS,6,2,0,0,0,0,7,2,0,2,0,0.143,14,0.25,0.143,0.393,0,1,100.0,0,69,16,2,0,6,0,0,0.286,0.67,,DUR,
2024,4444.0,Caliente de Durango,703060,Alejandro Urias,C,23,9,6,2,1,0,7,1,0,4,1,0.143,28,0.2,0.286,0.486,0,0,,4,119,31,8,0,18,1,0,0.19,1.0,,DUR,
2024,4444.0,Caliente de Durango,642299,Alejandro Flores,C,15,11,4,0,0,0,12,4,0,6,0,0.136,44,0.204,0.136,0.34,0,0,,1,206,49,6,4,29,0,1,0.182,0.69,,DUR,
2024,4444.0,Caliente de Durango,676020,Javier Sanchez,X,18,7,1,2,0,0,9,3,0,3,0,0.13,23,0.231,0.217,0.448,0,0,,0,106,27,5,1,13,1,0,0.214,1.4,,DUR,
2024,4444.0,Caliente de Durango,572127,Jose Sermo,1B,8,10,4,1,0,2,11,2,0,4,1,0.129,31,0.206,0.355,0.561,0,0,,2,133,34,11,4,17,0,0,0.111,1.67,15.5,DUR,
2024,4444.0,Caliente de Durango,696115,Elmer Lopez,CF,8,2,0,0,0,0,4,0,0,0,0,0.0,7,0.0,0.0,0.0,0,0,,0,26,7,0,0,1,0,0,0.0,2.0,,DUR,
2024,496.0,Leones de Yucatan,827111,Jafet Ojeda,X,8,0,2,1,0,0,2,1,0,3,0,0.6,5,0.667,0.8,1.467,0,0,,0,20,6,4,0,0,0,0,1.0,,,YUC,
2024,496.0,Leones de Yucatan,541608,Ramón Cabrera,C,3,1,1,0,0,1,2,1,0,4,0,0.4,10,0.455,0.7,1.155,0,0,,0,47,11,7,1,2,0,0,0.429,0.33,10.0,YUC,
2024,496.0,Leones de Yucatan,500874,José A. Martínez,LF,12,11,7,3,0,1,6,5,0,14,1,0.35,40,0.426,0.5,0.926,0,0,,2,191,47,20,4,17,0,1,0.382,1.1,40.0,YUC,
2024,496.0,Leones de Yucatan,660436,Yadir Drake,RF,69,85,47,16,0,14,27,20,0,81,2,0.312,260,0.363,0.535,0.898,1,1,50.0,13,982,289,139,52,124,5,2,0.303,1.15,18.57,YUC,
2024,496.0,Leones de Yucatan,650995,Norberto Obeso,LF,61,76,41,13,1,2,35,42,2,66,2,0.311,212,0.43,0.41,0.84,1,2,66.7,6,1084,257,87,21,91,1,0,0.366,2.11,106.0,YUC,
2024,496.0,Leones de Yucatan,600301,Taylor Motter,3B,40,23,27,7,0,11,40,12,0,46,0,0.303,152,0.352,0.566,0.918,0,2,100.0,6,655,165,86,31,80,0,1,0.343,0.52,13.82,YUC,
2024,496.0,Leones de Yucatan,606299,José Peraza,2B,79,95,50,7,2,7,27,20,0,95,3,0.302,315,0.345,0.403,0.748,1,1,50.0,9,1187,343,127,41,151,1,4,0.309,0.92,45.0,YUC,
2024,496.0,Leones de Yucatan,514913,Rubén Tejada,SS,73,59,35,14,0,4,43,38,0,70,5,0.298,235,0.405,0.409,0.814,0,3,100.0,7,1064,279,96,34,88,0,1,0.349,0.92,58.75,YUC,
2024,496.0,Leones de Yucatan,678465,Tomo Otosaka,CF,65,94,38,13,0,0,44,46,0,70,0,0.295,237,0.408,0.35,0.758,6,12,66.7,5,1149,290,83,20,87,6,1,0.361,2.61,,YUC,
2024,496.0,Leones de Yucatan,543021,Art Charles,1B,78,39,62,14,0,33,95,76,2,74,3,0.294,252,0.457,0.742,1.199,0,0,,6,1450,335,187,81,121,0,4,0.32,0.81,7.64,YUC,
2024,496.0,Leones de Yucatan,672906,Lazaro Alonso,1B,21,7,4,2,0,3,16,5,0,12,2,0.293,41,0.388,0.561,0.949,0,0,,0,186,49,23,10,21,0,1,0.391,1.0,13.67,YUC,
2024,496.0,Leones de Yucatan,550492,Luis Juarez,DH,61,54,34,16,0,10,42,23,2,64,2,0.286,224,0.355,0.491,0.846,0,0,,4,914,251,110,45,111,0,2,0.31,0.82,22.4,YUC,
2024,496.0,Leones de Yucatan,593590,Webster Rivas,C,68,40,28,14,0,7,53,27,2,62,1,0.281,221,0.36,0.439,0.799,1,0,0.0,6,996,250,97,32,91,0,1,0.34,0.6,31.57,YUC,
2024,496.0,Leones de Yucatan,803376,Angel Camacho,X,50,16,17,3,2,0,10,3,0,14,1,0.264,53,0.31,0.396,0.706,0,1,100.0,0,225,58,21,8,28,0,1,0.318,1.14,,YUC,
2024,496.0,Leones de Yucatan,672953,Gilberto Vizcarra,C,25,9,3,1,0,0,4,6,0,7,2,0.241,29,0.395,0.276,0.671,0,0,,0,161,38,8,3,13,0,1,0.269,0.9,,YUC,
2024,496.0,Leones de Yucatan,671246,Fabricio Macias,CF,56,64,18,7,1,2,40,10,0,42,2,0.24,175,0.286,0.326,0.612,1,0,0.0,7,700,191,57,18,85,2,2,0.296,1.94,87.5,YUC,
2024,496.0,Leones de Yucatan,658069,Joshua Fuentes,3B,67,58,27,7,2,3,60,12,0,51,4,0.208,245,0.255,0.29,0.545,1,1,50.0,7,943,264,71,19,130,1,2,0.261,0.73,81.67,YUC,
2024,496.0,Leones de Yucatan,516679,Sebastian Valle,C,13,5,4,2,0,2,15,3,0,7,0,0.189,37,0.25,0.405,0.655,0,0,,1,159,40,15,6,24,0,0,0.25,0.5,18.5,YUC,
2024,496.0,Leones de Yucatan,503429,Walter Ibarra,2B,15,10,5,1,0,0,8,1,0,6,0,0.188,32,0.212,0.219,0.431,0,0,,1,113,34,7,0,19,1,0,0.25,1.11,,YUC,
2024,496.0,Leones de Yucatan,666452,Eduardo Diaz,RF,9,1,5,0,0,4,12,1,0,6,0,0.167,36,0.189,0.5,0.689,0,0,,0,155,37,18,7,22,0,0,0.1,0.06,9.0,YUC,
2024,496.0,Leones de Yucatan,665883,Yeison Coca,X,45,40,5,1,1,1,28,2,0,13,0,0.144,90,0.163,0.211,0.374,1,3,75.0,2,307,96,19,5,47,4,0,0.197,3.08,90.0,YUC,
2024,496.0,Leones de Yucatan,499926,Alex Liddi,1B,11,3,2,1,0,0,9,5,0,1,0,0.056,18,0.261,0.111,0.372,0,1,100.0,0,100,23,2,2,11,0,0,0.111,0.6,,YUC,
2024,502.0,Saraperos de Saltillo,685694,Keven Lamas,SS,37,37,28,10,1,5,19,8,0,52,6,0.371,140,0.426,0.564,0.99,1,2,66.7,5,619,155,79,25,58,0,1,0.402,1.12,28.0,SLT,
2024,502.0,Saraperos de Saltillo,593772,Yeison Asencio,LF,19,20,5,5,0,1,9,3,1,25,0,0.352,71,0.378,0.465,0.843,0,0,,2,228,74,33,16,32,0,0,0.393,1.18,71.0,SLT,
2024,502.0,Saraperos de Saltillo,518542,Juan Centeno,C,44,31,12,8,0,1,24,17,0,42,4,0.347,121,0.438,0.438,0.876,0,0,,5,576,147,53,22,48,2,2,0.418,1.11,121.0,SLT,
2024,502.0,Saraperos de Saltillo,656352,Braxton Davidson,X,2,0,0,0,0,0,2,0,0,1,0,0.333,3,0.333,0.333,0.666,0,0,,0,16,3,1,1,3,0,0,1.0,,,SLT,
2024,502.0,Saraperos de Saltillo,585133,Arturo Rodriguez,C,22,9,8,6,0,1,10,4,0,17,0,0.333,51,0.362,0.51,0.872,0,0,,0,215,61,26,12,14,3,3,0.372,0.43,51.0,SLT,
2024,502.0,Saraperos de Saltillo,679589,Fernando Villegas,RF,88,86,70,15,2,12,53,35,0,104,10,0.328,317,0.406,0.502,0.908,4,4,50.0,10,1410,368,159,58,148,1,5,0.358,1.08,26.42,SLT,
2024,502.0,Saraperos de Saltillo,625329,Henry Urrutia,1B,42,33,21,9,1,3,27,18,1,48,2,0.327,147,0.407,0.463,0.87,0,2,100.0,2,630,167,68,26,63,0,0,0.385,0.85,49.0,SLT,
2024,502.0,Saraperos de Saltillo,606143,Alejandro Mejia,1B,35,33,24,4,1,8,36,12,2,43,1,0.316,136,0.373,0.537,0.91,2,0,0.0,4,531,150,73,30,68,0,1,0.376,1.32,17.0,SLT,
2024,502.0,Saraperos de Saltillo,661311,Brandon Villarreal,LF,59,61,29,8,0,0,24,9,0,50,10,0.313,160,0.383,0.363,0.746,4,6,60.0,1,619,185,58,12,48,5,1,0.365,1.97,,SLT,
2024,502.0,Saraperos de Saltillo,591572,Jose Aguilar,CF,36,28,18,1,0,2,13,15,0,25,5,0.305,82,0.437,0.39,0.827,2,0,0.0,4,451,105,32,5,45,2,1,0.338,1.47,41.0,SLT,
2024,502.0,Saraperos de Saltillo,606213,Yermín Mercedes,DH,75,62,55,13,1,11,53,27,2,85,6,0.3,283,0.372,0.47,0.842,1,8,88.9,8,1223,317,133,41,124,0,1,0.336,0.74,25.73,SLT,
2024,502.0,Saraperos de Saltillo,542455,Oswaldo Arcia,RF,4,2,1,1,0,1,3,3,0,3,0,0.3,10,0.462,0.7,1.162,0,0,,0,55,13,7,2,7,0,0,0.333,1.0,10.0,SLT,
2024,502.0,Saraperos de Saltillo,516679,Sebastian Valle,C,26,18,15,4,0,7,30,5,0,24,2,0.289,83,0.344,0.59,0.934,0,0,,4,343,94,49,21,36,4,0,0.37,1.2,11.86,SLT,
2024,502.0,Saraperos de Saltillo,668992,Missael Rivera,2B,87,96,45,21,1,4,42,31,2,94,11,0.287,328,0.365,0.393,0.758,4,6,60.0,5,1405,380,129,42,134,7,3,0.316,0.91,82.0,SLT,
2024,502.0,Saraperos de Saltillo,641561,Johneshwy Fargas,CF,67,74,53,19,2,5,53,13,0,77,7,0.282,273,0.33,0.421,0.751,8,15,65.2,5,1062,299,115,25,114,5,1,0.333,0.99,54.6,SLT,
2024,502.0,Saraperos de Saltillo,622270,Alex D. Mejia,3B,73,84,25,11,1,3,41,13,1,69,1,0.28,246,0.316,0.37,0.686,5,1,16.7,4,903,268,91,41,96,5,3,0.322,1.4,82.0,SLT,
2024,502.0,Saraperos de Saltillo,616569,Diego Madero,3B,40,21,20,3,0,0,10,3,0,22,0,0.275,80,0.298,0.313,0.611,1,1,50.0,0,300,85,25,9,44,1,1,0.31,0.72,,SLT,
2024,502.0,Saraperos de Saltillo,501731,Rainel Rosario,LF,40,39,19,6,0,4,33,17,1,41,1,0.261,157,0.335,0.376,0.711,1,1,50.0,6,669,176,59,19,78,0,1,0.306,0.87,39.25,SLT,
2024,502.0,Saraperos de Saltillo,553902,Willians Astudillo,1B,29,40,8,6,0,0,5,5,0,26,3,0.252,103,0.304,0.311,0.615,1,0,0.0,2,310,113,32,10,56,1,1,0.263,1.18,,SLT,
2024,502.0,Saraperos de Saltillo,811419,Luis Carlos Martinez,SS,9,1,2,0,0,0,3,0,0,2,1,0.25,8,0.333,0.25,0.583,0,0,,0,36,9,2,0,3,0,0,0.4,0.5,,SLT,
2024,502.0,Saraperos de Saltillo,641521,Edwin Díaz,SS,63,35,25,12,0,7,64,26,0,49,4,0.246,199,0.336,0.412,0.748,1,3,75.0,6,906,236,82,30,89,1,6,0.313,0.6,28.43,SLT,
2024,502.0,Saraperos de Saltillo,593528,Jorge Bonifacio,LF,15,7,10,5,0,2,16,5,0,11,1,0.229,48,0.309,0.458,0.767,0,1,100.0,0,208,55,22,9,21,0,1,0.29,0.47,24.0,SLT,
2024,502.0,Saraperos de Saltillo,578570,Juniel Querecuto,SS,10,8,2,3,0,0,8,1,0,6,1,0.188,32,0.235,0.281,0.516,0,0,,1,123,37,9,3,19,3,0,0.25,0.62,,SLT,
2024,502.0,Saraperos de Saltillo,572241,David Washington,LF,3,2,2,0,0,0,7,1,1,2,0,0.182,11,0.25,0.182,0.432,0,0,,0,45,12,2,1,8,0,0,0.5,2.0,,SLT,
2024,502.0,Saraperos de Saltillo,811620,Jorge Morales,C,5,0,1,0,0,0,2,0,0,1,1,0.167,6,0.286,0.167,0.453,0,0,,0,25,7,1,1,3,0,0,0.25,0.0,,SLT,
2024,502.0,Saraperos de Saltillo,682204,Logan Brown,C,22,20,6,3,0,0,16,5,0,10,0,0.164,61,0.227,0.213,0.44,0,1,100.0,0,219,67,13,3,31,1,0,0.222,1.25,,SLT,
2024,502.0,Saraperos de Saltillo,656782,Max Murphy,RF,5,8,2,1,0,0,5,3,0,3,0,0.15,20,0.261,0.2,0.461,2,0,0.0,2,98,23,4,5,18,0,0,0.2,2.0,,SLT,
2024,502.0,Saraperos de Saltillo,806623,Kevin Armenta,2B,1,1,0,0,0,0,0,0,0,0,0,0.0,1,0.0,0.0,0.0,0,0,,0,6,1,0,0,2,0,0,0.0,1.0,,SLT,
2024,502.0,Saraperos de Saltillo,806157,Christian Morales,X,3,0,2,0,0,0,0,0,0,0,0,0.0,0,0.0,0.0,0.0,0,0,,0,0,0,0,0,0,0,0,,,,SLT,
2024,,,471906,Reynaldo Rodriguez,1B,88,63,40,19,0,18,66,30,1,84,1,0.255,330,0.315,0.476,0.7909999999999999,6,10,,7,1369,365,157,54,196,0,4,0.264,0.52,18.035,2 Teams,47.0
2024,,,474892,Chris Carter,DH,73,26,49,16,0,17,101,57,2,63,1,0.26,242,0.399,0.537,0.936,0,0,,2,1300,303,130,55,117,0,3,0.362,0.49,14.355,2 Teams,30.0
2024,,,499926,Alex Liddi,"1B,3B",61,40,25,6,1,6,74,32,2,36,2,0.196,184,0.32,0.337,0.657,1,5,,4,931,219,62,25,69,0,1,0.286,0.915,27.67,2 Teams,23.0
2024,,,500208,Yangervis Solarte,1B,24,29,10,2,0,2,10,10,0,18,0,0.214,84,0.292,0.31,0.602,0,0,,8,354,96,26,11,55,0,2,0.216,1.0,36.5,2 Teams,14.0
2024,,,500869,Emmanuel Avila,3B,69,82,32,12,0,6,36,15,1,74,4,0.295,251,0.343,0.414,0.757,2,1,,10,939,274,104,31,127,3,1,0.324,1.625,33.9,2 Teams,56.0
2024,,,501731,Rainel Rosario,LF,77,76,45,13,0,11,49,41,1,82,5,0.291,282,0.387,0.454,0.841,3,1,,11,1291,331,128,47,144,0,3,0.316,0.9950000000000001,28.555,2 Teams,58.0
2024,,,514719,Henry Alejandro Rodriguez,DH,70,75,25,10,1,5,42,32,0,66,0,0.273,242,0.358,0.384,0.742,1,2,,11,1082,274,93,21,113,0,0,0.313,1.275,50.585,2 Teams,50.0
2024,,,516679,Sebastian Valle,C,39,23,19,6,0,9,45,8,0,31,2,0.258,120,0.315,0.533,0.8480000000000001,0,0,,5,502,134,64,27,60,4,0,0.333,0.85,15.18,2 Teams,16.0
2024,,,524648,Alejandro Gonzalez,"LF,CF",37,10,18,4,0,0,20,7,0,16,3,0.267,60,0.371,0.333,0.704,0,1,,2,282,70,20,7,37,0,0,0.4,0.95,,2 Teams,12.0
2024,,,527043,Jefry Marte,DH,23,24,14,2,0,6,16,16,0,16,3,0.2,80,0.354,0.45,0.804,0,0,,2,425,99,36,14,39,0,0,0.172,1.0,13.335,2 Teams,8.0
2024,,,542328,Hans Wilson,C,7,2,0,0,0,0,3,1,0,2,0,0.2,10,0.273,0.2,0.47300000000000003,0,0,,0,36,11,2,2,6,0,0,0.286,0.5,,2 Teams,2.0
2024,,,542455,Oswaldo Arcia,"DH,RF",85,42,45,16,2,14,69,52,2,76,10,0.287,265,0.416,0.521,0.937,2,4,,2,1459,332,138,50,125,0,5,0.332,0.745,14.81,2 Teams,44.0
2024,,,542513,Tomás Telis,C,62,80,29,11,0,1,29,21,2,63,3,0.313,201,0.383,0.383,0.766,1,1,,11,786,231,77,28,83,4,2,0.358,3.035,157.0,2 Teams,51.0
2024,,,546318,Odúbel Herrera,"RF,CF",54,65,28,12,1,5,37,22,0,52,2,0.263,198,0.342,0.409,0.751,2,8,,10,864,223,81,23,109,1,0,0.301,1.3599999999999999,44.415,2 Teams,34.0
2024,,,553902,Willians Astudillo,"1B,3B",69,89,27,14,0,3,7,11,1,72,13,0.291,247,0.352,0.385,0.737,2,0,,5,786,277,95,29,103,4,2,0.289,1.0699999999999998,48.0,2 Teams,55.0
2024,,,554238,Carlos Franco,"1B,3B",79,65,44,18,0,12,64,52,4,69,0,0.273,253,0.393,0.486,0.879,0,4,,6,1241,308,123,50,135,0,3,0.317,1.15,28.5,2 Teams,39.0
2024,,,570489,Arismendy Alcántara,"SS,CF",26,19,16,3,0,4,33,10,0,22,0,0.232,95,0.305,0.389,0.694,1,5,,1,454,105,37,9,48,0,0,0.31,0.9450000000000001,22.0,2 Teams,15.0
2024,,,571685,Anthony García,RF,76,56,46,18,0,15,59,34,1,79,6,0.309,256,0.398,0.555,0.9530000000000001,2,6,,12,1229,300,142,45,132,1,3,0.346,0.85,18.5,2 Teams,46.0
2024,,,571740,Billy Hamilton,CF,63,54,38,11,3,0,60,23,0,59,1,0.257,230,0.327,0.33,0.657,4,37,,3,959,258,76,16,85,4,0,0.347,0.9299999999999999,,2 Teams,45.0
2024,,,572241,David Washington,LF,4,2,2,0,0,0,11,1,1,2,0,0.133,15,0.188,0.133,0.321,0,0,,0,63,16,2,1,14,0,0,0.5,2.0,,2 Teams,2.0
2024,,,572868,Anthony Giansanti,"LF,CF",68,49,35,15,3,11,48,34,1,62,3,0.282,220,0.385,0.527,0.912,3,9,,2,1023,257,116,48,115,0,0,0.317,0.895,15.915,2 Teams,33.0
2024,,,578570,Juniel Querecuto,SS,51,51,26,15,0,6,46,12,0,53,3,0.268,198,0.316,0.434,0.75,1,4,,7,803,220,86,35,86,5,2,0.318,0.8200000000000001,27.67,2 Teams,32.0
2024,,,590271,Sebastián Elizalde,"LF,RF",86,91,58,24,0,8,36,39,1,104,1,0.316,329,0.386,0.462,0.8480000000000001,3,14,,7,1415,374,152,44,134,1,4,0.332,0.895,41.415,2 Teams,72.0
2024,,,591572,Jose Aguilar,CF,65,59,28,5,0,3,32,24,0,41,7,0.247,166,0.362,0.331,0.6930000000000001,3,1,,5,846,204,55,13,79,5,2,0.286,1.44,62.5,2 Teams,33.0
2024,,,593528,Jorge Bonifacio,"RF,LF",49,24,32,8,1,8,51,24,2,34,4,0.205,166,0.313,0.41,0.723,0,2,,0,810,198,68,26,101,0,4,0.234,0.42,21.835,2 Teams,17.0
2024,,,594020,Ricardo Valenzuela,C,50,52,22,11,0,3,27,13,0,40,4,0.256,156,0.329,0.385,0.714,0,0,,6,664,179,60,11,69,6,0,0.294,1.205,48.75,2 Teams,26.0
2024,,,594021,Alberth Martinez,RF,87,75,40,17,2,7,69,31,1,78,5,0.264,295,0.341,0.407,0.748,1,2,,5,1360,334,120,46,131,0,3,0.32,1.0150000000000001,46.15,2 Teams,52.0
2024,,,596143,Luis Sardinas,"SS,3B",83,100,51,20,0,14,48,23,0,89,6,0.283,315,0.338,0.479,0.817,7,8,,9,1307,355,151,56,113,6,5,0.291,1.04,27.046666666666667,2 Teams,55.0
2024,,,602074,Yonathan Daza,"RF,CF",85,119,59,20,2,4,52,14,0,112,4,0.318,352,0.347,0.42,0.7669999999999999,2,8,,12,1285,380,148,50,186,5,5,0.359,1.645,62.25,2 Teams,86.0
2024,,,606143,Alejandro Mejia,1B,82,82,56,12,1,19,98,30,5,89,2,0.28,318,0.342,0.503,0.845,3,2,,11,1325,354,160,64,166,0,4,0.341,1.5350000000000001,16.77,2 Teams,57.0
2024,,,606477,Aneury Tavárez,LF,90,95,54,25,6,8,82,27,5,112,10,0.299,375,0.361,0.461,0.8220000000000001,4,12,,6,1517,417,173,57,166,4,1,0.364,1.045,46.875,2 Teams,73.0
2024,,,607752,Sam Travis,1B,85,90,69,22,3,4,45,42,1,117,6,0.35,334,0.43,0.47,0.8999999999999999,5,4,,5,1420,385,157,47,143,1,2,0.394,1.2533333333333334,56.75,2 Teams,88.0
2024,,,616404,Edson Garcia,"RF,3B",70,62,26,7,2,7,34,15,1,59,2,0.261,226,0.309,0.403,0.712,2,6,,5,983,248,91,27,96,2,3,0.277,0.415,31.86,2 Teams,43.0
2024,,,620442,Wendell Rijo,2B,29,37,8,2,0,1,18,9,0,22,1,0.234,94,0.305,0.287,0.592,3,2,,0,415,108,27,8,33,3,1,0.276,1.7800000000000002,56.0,2 Teams,19.0
2024,,,621034,Melvin Mercedes,"RF,LF",73,71,32,9,2,0,34,25,0,57,5,0.254,224,0.343,0.312,0.655,4,13,,5,1011,257,70,14,90,3,0,0.3,1.19,,2 Teams,46.0
2024,,,621446,Lewis Brinson,"RF,LF",16,6,3,2,0,0,13,6,0,4,0,0.143,28,0.294,0.214,0.508,1,0,,2,127,34,6,4,21,0,0,0.267,0.75,,2 Teams,2.0
2024,,,622738,Tito Polo,LF,39,28,20,11,1,3,32,8,0,44,7,0.349,126,0.415,0.524,0.9390000000000001,5,7,,3,535,145,66,20,61,3,1,0.446,1.045,27.67,2 Teams,29.0
2024,,,622758,Angel Aguilar,"2B,3B",54,43,22,12,0,7,45,8,1,47,5,0.264,178,0.309,0.449,0.758,1,2,,2,730,195,80,25,94,1,3,0.31,0.915,31.915,2 Teams,28.0
2024,,,625329,Henry Urrutia,1B,79,68,46,18,1,7,48,34,5,103,2,0.358,288,0.426,0.5,0.9259999999999999,1,2,,7,1217,326,144,48,109,0,2,0.409,0.97,42.125,2 Teams,77.0
2024,,,630034,David Rodríguez,"DH,RF",73,71,32,15,0,9,70,35,1,73,3,0.296,247,0.388,0.466,0.8540000000000001,1,2,,10,1239,287,115,42,91,1,1,0.379,1.89,21.67,2 Teams,49.0
2024,,,641104,Carlos Mendivil,C,35,41,11,6,0,1,16,3,0,20,0,0.227,88,0.247,0.33,0.577,1,0,,1,333,95,29,8,49,2,2,0.26,2.66,62.0,2 Teams,13.0
2024,,,641323,Luis Aviles Jr.,"SS,2B",84,84,50,19,3,13,79,25,1,90,0,0.271,332,0.319,0.464,0.783,3,10,,8,1370,361,154,54,141,0,4,0.316,1.1500000000000001,31.314999999999998,2 Teams,55.0
2024,,,641924,Jacob Nottingham,C,44,28,17,2,1,5,55,12,0,20,4,0.168,119,0.261,0.328,0.589,1,1,,5,543,138,39,18,63,0,3,0.242,1.705,28.75,2 Teams,12.0
2024,,,642299,Alejandro Flores,C,45,30,20,4,1,3,33,15,0,24,1,0.189,127,0.278,0.307,0.585,1,1,,2,591,147,39,12,79,3,1,0.228,0.685,27.67,2 Teams,16.0
2024,,,642456,Luis Barrera,"RF,CF",71,96,41,14,6,3,44,27,3,82,2,0.306,268,0.372,0.437,0.8089999999999999,1,16,,2,1119,305,117,26,90,7,1,0.356,1.8533333333333335,56.75,2 Teams,59.0
2024,,,642488,Ademar Rifaela,DH,55,42,21,13,0,4,68,16,0,53,5,0.282,188,0.352,0.415,0.7669999999999999,0,2,,5,879,210,78,29,89,0,1,0.419,1.595,47.0,2 Teams,36.0
2024,,,642751,Carlos Martínez,C,65,61,25,14,0,2,28,14,0,54,2,0.265,204,0.31,0.363,0.673,1,0,,12,804,227,74,26,86,1,6,0.289,0.925,102.0,2 Teams,38.0
2024,,,650331,Lewin Díaz,1B,75,52,52,16,0,19,54,40,2,101,1,0.375,269,0.452,0.647,1.099,0,1,,4,1253,314,174,77,105,0,4,0.41,0.78,13.855,2 Teams,66.0
2024,,,650958,Michael De León,"SS,2B",37,43,17,8,0,1,33,14,0,35,1,0.252,139,0.321,0.331,0.652,1,1,,1,608,158,46,8,51,2,2,0.318,1.385,51.0,2 Teams,26.0
2024,,,655212,Manuel Orduno,"RF,2B",12,5,1,1,0,0,3,1,0,5,1,0.312,16,0.389,0.375,0.764,0,0,,2,69,18,6,0,9,0,0,0.385,1.5,,2 Teams,4.0
2024,,,656695,J.J. Matijevic,"LF,1B",69,67,43,14,4,3,54,27,1,78,2,0.321,243,0.391,0.449,0.8400000000000001,3,2,,4,1081,274,109,33,107,0,2,0.399,1.48,94.0,2 Teams,57.0
2024,,,657705,Manny Olloque,"DH,CF",42,14,16,5,2,2,33,20,0,26,1,0.257,101,0.385,0.406,0.791,1,1,,0,477,122,41,7,45,0,0,0.364,0.54,40.0,2 Teams,17.0
2024,,,660630,Romer Cuadrado,LF,35,23,13,4,0,6,39,14,0,25,0,0.236,106,0.325,0.443,0.768,0,0,,3,503,120,47,18,45,0,0,0.311,1.2349999999999999,20.25,2 Teams,15.0
2024,,,661270,Roel Santos,CF,55,60,42,10,5,3,33,26,0,72,3,0.336,214,0.412,0.472,0.8839999999999999,6,11,,5,941,248,101,27,80,3,2,0.383,1.19,73.25,2 Teams,54.0
2024,,,664768,Connor Panas,RF,78,50,48,11,2,14,52,34,0,64,11,0.247,259,0.355,0.467,0.8220000000000001,4,6,,0,1229,307,121,39,110,0,3,0.255,0.535,19.974999999999998,2 Teams,37.0
2024,,,665651,Diego Rincones,"DH,LF",17,19,1,1,0,0,8,6,0,12,1,0.222,54,0.311,0.241,0.552,0,0,,2,217,61,13,6,34,0,0,0.261,1.2,,2 Teams,11.0
2024,,,666452,Eduardo Diaz,RF,42,21,19,7,0,9,36,15,2,27,5,0.208,130,0.313,0.469,0.782,0,2,,2,589,150,61,21,66,0,0,0.212,0.47333333333333333,14.333333333333334,2 Teams,11.0
2024,,,672906,Lazaro Alonso,1B,59,39,23,12,1,8,53,27,0,50,5,0.299,167,0.41,0.527,0.937,0,0,,5,801,200,88,32,72,0,1,0.393,1.3399999999999999,19.435,2 Teams,29.0
2024,,,674671,Robbie Glendinning,"SS,1B,3B",41,30,22,10,0,6,51,20,0,35,0,0.261,134,0.357,0.47,0.827,1,0,,1,625,156,63,23,62,2,0,0.377,1.3766666666666667,21.33,2 Teams,19.0
2024,,,676941,Saul Garza,C,53,27,27,8,1,7,59,12,1,45,10,0.276,163,0.36,0.466,0.8260000000000001,0,6,,6,668,187,76,25,93,1,1,0.388,0.79,23.54,2 Teams,29.0
2024,,,677593,Luis García,SS,17,13,2,0,0,0,15,4,0,6,0,0.133,45,0.204,0.133,0.33699999999999997,1,1,,0,207,50,6,2,32,1,0,0.2,0.9450000000000001,,2 Teams,6.0
2024,,,682204,Logan Brown,C,29,30,7,4,0,0,21,5,0,15,1,0.183,82,0.239,0.232,0.471,0,1,,0,295,90,19,4,40,2,0,0.246,3.125,,2 Teams,11.0
2024,,,685694,Keven Lamas,"SS,2B",79,72,54,15,3,11,47,27,0,97,9,0.354,274,0.426,0.551,0.9770000000000001,5,3,,8,1209,314,151,46,112,2,2,0.394,1.165,25.165,2 Teams,68.0
2024,,,685736,Cristian Mejia,C,9,2,2,1,0,0,5,3,0,2,1,0.182,11,0.4,0.273,0.673,0,0,,0,62,15,3,0,5,0,0,0.333,0.75,,2 Teams,1.0
2024,,,685771,Alfredo Hurtado,C,47,36,13,5,0,5,32,15,1,30,1,0.238,126,0.322,0.397,0.7190000000000001,0,4,,2,530,143,50,16,59,0,1,0.278,1.24,24.6,2 Teams,20.0
2024,,,824627,Manny Garcia,"RF,3B",76,80,33,20,3,6,42,15,1,86,5,0.296,291,0.34,0.447,0.787,5,14,,8,1073,315,130,46,116,3,1,0.328,0.92,48.33,2 Teams,57.0
